time_s,base_acceleration_g,rotation_rad,normalized_moment,normalized_shear,normalized_sliding,normalized_settlement
0,0.0028069,0.00059004,-0.0072633,-0.0042719,-0.001097,0.0048376
0.01,0.0011404,0.00058804,-0.0058731,-0.0040874,-0.0010984,0.004834
0.02,-0.00076518,0.00058504,-0.0043652,-0.0038654,-0.0011005,0.0048305
0.03,-0.0024327,0.00058304,-0.0029713,-0.0036196,-0.0011034,0.0048269
0.04,-0.0043391,0.00058204,-0.0018773,-0.0033647,-0.0011066,0.0048197
0.05,-7.1424e-05,0.00058104,-0.0011864,-0.0031166,-0.0011102,0.0048162
0.06,0.0011083,0.00058104,-0.0009043,-0.0028912,-0.0011141,0.004809
0.07,0.0037121,0.00058104,-0.00095174,-0.0027031,-0.0011184,0.0048055
0.08,0.0018059,0.00058204,-0.0011984,-0.0025649,-0.001123,0.0047983
0.09,0.0039398,0.00058304,-0.0015069,-0.0024855,-0.0011277,0.0047947
0.1,-0.0012902,0.00058504,-0.0017718,-0.0024694,-0.0011323,0.0047912
0.11,-0.0020122,0.00058704,-0.0019437,-0.0025158,-0.0011366,0.0047876
0.12,0.0025019,0.00059004,-0.0020332,-0.0026184,-0.0011409,0.004784
0.13,0.0010661,0.00059304,-0.0020955,-0.0027662,-0.0011445,0.0047805
0.14,0.00011138,0.00059604,-0.0022025,-0.0029444,-0.001148,0.0047769
0.15,-0.0022653,0.00059904,-0.0024122,-0.0031364,-0.0011509,0.0047769
0.16,-0.00061196,0.00060304,-0.0027454,-0.0033254,-0.001153,0.0047733
0.17,0.0015236,0.00060604,-0.0031734,-0.0034967,-0.0011548,0.0047733
0.18,-0.00014778,0.00061004,-0.0036221,-0.0036389,-0.0011559,0.0047733
0.19,0.0017429,0.00061304,-0.0039882,-0.0037446,-0.0011562,0.0047733
0.2,0.00031662,0.00061604,-0.0041668,-0.0038113,-0.0011562,0.0047733
0.21,0.0029224,0.00061904,-0.0040825,-0.0038402,-0.0011559,0.0047769
0.22,0.0012574,0.00062204,-0.003716,-0.0038358,-0.0011548,0.0047769
0.23,0.0017224,0.00062504,-0.0031173,-0.0038045,-0.0011537,0.0047805
0.24,0.0036174,0.00062704,-0.0024005,-0.0037532,-0.0011523,0.004784
0.25,0.00053259,0.00062904,-0.0017205,-0.0036885,-0.0011512,0.0047876
0.26,-0.0018522,0.00063104,-0.0012363,-0.0036158,-0.0011498,0.0047876
0.27,-0.0032768,0.00063204,-0.001073,-0.0035388,-0.0011484,0.0047912
0.28,-0.0054214,0.00063304,-0.0012907,-0.0034598,-0.0011473,0.0047947
0.29,0.0012241,0.00063404,-0.0018688,-0.0033798,-0.0011466,0.0047983
0.3,-0.00020631,0.00063404,-0.0027097,-0.0032992,-0.0011459,0.0048019
0.31,0.0033554,0.00063504,-0.0036608,-0.0032178,-0.0011455,0.0048055
0.32,0.0026311,0.00063504,-0.0045507,-0.0031358,-0.0011455,0.0048055
0.33,0.002157,0.00063504,-0.0052282,-0.0030537,-0.0011455,0.004809
0.34,-0.0002231,0.00063504,-0.0055941,-0.0029722,-0.0011459,0.0048126
0.35,-0.00022709,0.00063504,-0.0056179,-0.0028926,-0.0011462,0.0048126
0.36,-0.00023099,0.00063404,-0.0053376,-0.0028164,-0.001147,0.0048126
0.37,-0.0018988,0.00063404,-0.004846,-0.0027452,-0.0011477,0.0048126
0.38,0.0014274,0.00063404,-0.0042669,-0.0026811,-0.0011487,0.0048126
0.39,-0.00095522,0.00063304,-0.0037263,-0.0026266,-0.0011498,0.0048126
0.4,0.0009402,0.00063304,-0.0033236,-0.0025843,-0.0011509,0.0048126
0.41,0.00093669,0.00063304,-0.0031084,-0.002557,-0.001152,0.004809
0.42,-0.00072784,0.00063304,-0.0030726,-0.0025474,-0.001153,0.004809
0.43,0.0004599,0.00063304,-0.0031613,-0.0025572,-0.0011545,0.0048055
0.44,0.0011666,0.00063304,-0.0032983,-0.0025874,-0.0011555,0.0048019
0.45,0.0033034,0.00063304,-0.0034149,-0.0026372,-0.0011566,0.0047947
0.46,0.0033003,0.00063404,-0.0034688,-0.0027044,-0.0011577,0.0047912
0.47,0.0016272,0.00063404,-0.0034481,-0.0027852,-0.0011587,0.004784
0.48,-0.0031258,0.00063504,-0.0033632,-0.0028748,-0.0011595,0.0047805
0.49,-0.0035988,0.00063704,-0.0032351,-0.002968,-0.0011598,0.0047733
0.5,-0.0012276,0.00063804,-0.0030841,-0.0030598,-0.0011598,0.0047662
0.51,-0.0019445,0.00064004,-0.0029243,-0.0031463,-0.0011598,0.0047626
0.52,0.0013828,0.00064214,-0.0027623,-0.003225,-0.0011587,0.0047555
0.53,0.0016101,0.00064444,-0.0025994,-0.0032949,-0.0011577,0.0047519
0.54,0.0042274,0.00064694,-0.0024368,-0.0033562,-0.0011559,0.0047447
0.55,0.00089478,0.00064954,-0.002281,-0.0034097,-0.0011534,0.0047412
0.56,0.0011322,0.00065234,-0.0021473,-0.0034558,-0.0011502,0.0047376
0.57,0.00088971,0.00065514,-0.0020599,-0.0034942,-0.0011466,0.004734
0.58,-6.1766e-05,0.00065794,-0.002048,-0.0035233,-0.0011423,0.0047305
0.59,0.0023148,0.00066064,-0.0021394,-0.0035402,-0.0011373,0.0047305
0.6,0.0001714,0.00066324,-0.0023543,-0.0035412,-0.001132,0.0047305
0.61,0.00016904,0.00066564,-0.0027011,-0.0035224,-0.0011262,0.0047305
0.62,-0.00030829,0.00066784,-0.0031746,-0.0034804,-0.0011198,0.0047305
0.63,-0.0055346,0.00066964,-0.0037556,-0.0034136,-0.001113,0.0047305
0.64,-0.0026869,0.00067094,-0.0044068,-0.0033223,-0.0011062,0.004734
0.65,-0.0019791,0.00067194,-0.00507,-0.0032089,-0.0010991,0.004734
0.66,0.0049086,0.00067234,-0.005666,-0.003078,-0.0010916,0.0047376
0.67,0.0022964,0.00067224,-0.0061027,-0.0029358,-0.0010845,0.0047412
0.68,0.0015742,0.00067164,-0.0062931,-0.0027892,-0.0010773,0.0047447
0.69,-0.00032399,0.00067044,-0.0061785,-0.0026456,-0.0010705,0.0047483
0.7,-0.0024602,0.00066874,-0.0057512,-0.0025123,-0.0010641,0.0047519
0.71,-0.00080347,0.00066644,-0.0050643,-0.0023958,-0.001058,0.0047555
0.72,-0.0010436,0.00066364,-0.0042265,-0.0023015,-0.0010523,0.004759
0.73,0.0015632,0.00066044,-0.0033808,-0.0022339,-0.0010473,0.0047626
0.74,0.00038105,0.00065694,-0.0026752,-0.0021959,-0.0010428,0.0047662
0.75,-0.0024712,0.00065304,-0.0022337,-0.0021892,-0.0010391,0.0047697
0.76,-0.0027134,0.00064884,-0.0021327,-0.0022136,-0.0010361,0.0047733
0.77,-0.0022456,0.00064464,-0.0023865,-0.0022672,-0.0010339,0.0047769
0.78,0.0034521,0.00064004,-0.0029447,-0.0023463,-0.0010325,0.0047769
0.79,0.0017898,0.00063604,-0.0037034,-0.0024451,-0.0010318,0.0047805
0.8,0.00083754,0.00063204,-0.004528,-0.0025561,-0.001032,0.0047805
0.81,-0.0013008,0.00062804,-0.0052837,-0.0026708,-0.0010329,0.004784
0.82,-0.0015412,0.00062504,-0.0058636,-0.0027803,-0.0010345,0.0047876
0.83,0.0027304,0.00062204,-0.0062076,-0.0028763,-0.0010367,0.0047876
0.84,-0.001071,0.00061904,-0.0063084,-0.0029523,-0.0010396,0.0047912
0.85,-0.0008356,0.00061704,-0.0062055,-0.0030045,-0.001043,0.0047912
0.86,-0.002497,0.00061604,-0.0059728,-0.0030323,-0.001047,0.0047947
0.87,-0.0010786,0.00061504,-0.0057032,-0.0030384,-0.0010512,0.0047947
0.88,0.00081776,0.00061504,-0.00549,-0.0030283,-0.0010559,0.0047983
0.89,0.00010408,0.00061604,-0.0054077,-0.0030094,-0.0010609,0.0047983
0.9,0.0041423,0.00061704,-0.005494,-0.0029891,-0.0010659,0.0048019
0.91,0.00080954,0.00061904,-0.0057389,-0.0029741,-0.0010712,0.0048055
0.92,0.0022367,0.00062104,-0.0060833,-0.0029689,-0.0010766,0.0048055
0.93,0.00080374,0.00062304,-0.0064281,-0.0029753,-0.001082,0.004809
0.94,-0.00038526,0.00062504,-0.0066515,-0.0029923,-0.0010873,0.0048126
0.95,0.0026977,0.00062804,-0.0066307,-0.003017,-0.0010923,0.0048126
0.96,-0.0011045,0.00063104,-0.0062646,-0.0030454,-0.0010973,0.0048162
0.97,-0.00086979,0.00063404,-0.0054956,-0.0030739,-0.001102,0.0048197
0.98,0.00031801,0.00063704,-0.0043272,-0.0031,-0.0011066,0.0048197
0.99,-0.00016437,0.00064004,-0.0028323,-0.0031235,-0.0011105,0.0048233
1,-0.00016783,0.00064264,-0.0011497,-0.0031459,-0.0011145,0.0048233
1.01,-0.0034924,0.00064504,0.00053269,-0.0031709,-0.0011177,0.0048269
1.02,-0.00041201,0.00064734,0.0020062,-0.0032028,-0.0011205,0.0048269
1.03,0.0029103,0.00064944,0.003074,-0.0032461,-0.001123,0.0048269
1.04,0.0014764,0.00065124,0.0035833,-0.0033039,-0.0011248,0.0048269
1.05,0.0026625,0.00065274,0.0034498,-0.0033776,-0.0011262,0.0048269
1.06,-0.0037515,0.00065394,0.0026722,-0.0034664,-0.0011273,0.0048269
1.07,-0.0049456,0.00065494,0.0013368,-0.003567,-0.0011277,0.0048269
1.08,-0.0044698,0.00065564,-0.0003911,-0.0036742,-0.0011277,0.0048233
1.09,-0.0021041,0.00065614,-0.0022863,-0.0037811,-0.001127,0.0048233
1.1,0.0031215,0.00065624,-0.0040957,-0.0038798,-0.0011255,0.0048197
1.11,0.002167,0.00065604,-0.0055797,-0.0039618,-0.0011241,0.0048162
1.12,0.0012124,0.00065554,-0.0065571,-0.0040187,-0.0011216,0.0048126
1.13,0.00096771,0.00065464,-0.0069419,-0.0040426,-0.0011191,0.004809
1.14,0.0002529,0.00065344,-0.0067611,-0.0040265,-0.0011162,0.004809
1.15,-0.00023102,0.00065194,-0.0061441,-0.003965,-0.001113,0.0048055
1.16,-0.004037,0.00064994,-0.005288,-0.0038553,-0.0011098,0.0047983
1.17,0.0021378,0.00064764,-0.0044065,-0.0036977,-0.0011062,0.0047947
1.18,-0.0035674,0.00064504,-0.0036802,-0.0034964,-0.001103,0.0047912
1.19,-0.0040528,0.00064204,-0.003219,-0.00326,-0.0010998,0.0047876
1.2,-0.0014442,0.00063904,-0.003045,-0.0030014,-0.0010966,0.004784
1.21,-0.0028738,0.00063504,-0.0030982,-0.002737,-0.0010941,0.0047805
1.22,0.0018706,0.00063204,-0.0032629,-0.0024852,-0.0010916,0.0047733
1.23,0.0040048,0.00062804,-0.0034082,-0.002265,-0.0010898,0.0047697
1.24,0.0025689,0.00062404,-0.00343,-0.0020939,-0.0010887,0.0047662
1.25,-0.0009982,0.00062104,-0.0032836,-0.001986,-0.001088,0.0047626
1.26,-0.0014792,0.00061704,-0.0029953,-0.0019503,-0.001088,0.004759
1.27,-0.0017234,0.00061404,-0.0026518,-0.00199,-0.0010887,0.0047519
1.28,-6.6692e-05,0.00061104,-0.002371,-0.0021017,-0.0010902,0.0047483
1.29,0.0006379,0.00060804,-0.0022641,-0.0022763,-0.001092,0.0047447
1.3,-0.0010297,0.00060604,-0.0024021,-0.0025,-0.0010945,0.0047412
1.31,0.0020548,0.00060404,-0.0027955,-0.0027557,-0.0010973,0.0047376
1.32,-0.0034219,0.00060304,-0.0033932,-0.0030251,-0.0011009,0.004734
1.33,-9.9723e-05,0.00060204,-0.0040967,-0.00329,-0.0011048,0.0047305
1.34,-0.0012946,0.00060104,-0.0047856,-0.0035338,-0.0011087,0.0047269
1.35,0.00059738,0.00060204,-0.005347,-0.0037422,-0.001113,0.0047269
1.36,0.0027303,0.00060204,-0.0057019,-0.0039034,-0.0011173,0.0047233
1.37,-0.0017909,0.00060304,-0.0058227,-0.0040088,-0.0011216,0.0047233
1.38,0.00057586,0.00060504,-0.0057389,-0.004052,-0.0011259,0.0047233
1.39,-0.00061749,0.00060704,-0.0055282,-0.0040296,-0.0011298,0.0047233
1.4,0.0012711,0.00060904,-0.0052933,-0.0039409,-0.0011334,0.0047233
1.41,-0.00039544,0.00061204,-0.0051311,-0.0037887,-0.0011366,0.0047233
1.42,-0.002544,0.00061504,-0.0051028,-0.0035791,-0.0011395,0.0047233
1.43,-0.0030217,0.00061804,-0.0052145,-0.0033228,-0.001142,0.0047233
1.44,-0.00041844,0.00062104,-0.0054137,-0.0030343,-0.0011437,0.0047269
1.45,0.0031328,0.00062504,-0.0056008,-0.0027319,-0.0011455,0.0047305
1.46,0.0019449,0.00062804,-0.005654,-0.0024368,-0.0011466,0.0047305
1.47,0.0040669,0.00063204,-0.0054587,-0.0021708,-0.001147,0.004734
1.48,0.00073894,0.00063504,-0.0049374,-0.0019554,-0.001147,0.0047376
1.49,-0.0018831,0.00063804,-0.0040724,-0.0018089,-0.0011466,0.0047412
1.5,-0.00070323,0.00064144,-0.0029196,-0.0017452,-0.0011455,0.0047447
1.51,-0.0035654,0.00064434,-0.0016094,-0.0017727,-0.0011445,0.0047483
1.52,0.0016564,0.00064704,-0.00033511,-0.001893,-0.0011427,0.0047519
1.53,-0.00072785,0.00064944,0.00067357,-0.0021012,-0.0011405,0.0047555
1.54,0.00068987,0.00065154,0.0011884,-0.0023863,-0.001138,0.0047626
1.55,-0.0012196,0.00065344,0.0010302,-0.0027324,-0.0011352,0.0047662
1.56,0.00043319,0.00065504,0.00011608,-0.003119,-0.0011323,0.0047697
1.57,-0.0028952,0.00065644,-0.0015057,-0.0035227,-0.0011291,0.0047733
1.58,-0.0012447,0.00065764,-0.003647,-0.0039181,-0.0011255,0.0047769
1.59,0.001838,0.00065874,-0.0060052,-0.0042792,-0.0011216,0.0047769
1.6,0.0018295,0.00065964,-0.00822,-0.0045805,-0.0011177,0.0047805
1.61,0.0018211,0.00066044,-0.0099489,-0.0047988,-0.0011134,0.004784
1.62,-0.0031774,0.00066124,-0.01094,-0.0049148,-0.0011087,0.0047876
1.63,-0.0017618,0.00066194,-0.011084,-0.0049153,-0.0011041,0.0047912
1.64,-0.0020083,0.00066274,-0.010426,-0.0047942,-0.0010991,0.0047912
1.65,-0.0032027,0.00066344,-0.0091489,-0.004554,-0.0010937,0.0047947
1.66,-0.00012113,0.00066424,-0.0075222,-0.0042062,-0.001088,0.0047983
1.67,-0.00037055,0.00066494,-0.0058404,-0.0037708,-0.0010823,0.0047983
1.68,0.0022321,0.00066564,-0.0043601,-0.0032751,-0.0010762,0.0048019
1.69,0.00056369,0.00066624,-0.0032522,-0.0027512,-0.0010702,0.0048019
1.7,0.0017454,0.00066684,-0.0025764,-0.002234,-0.0010637,0.0048019
1.71,0.0017371,0.00066734,-0.0022853,-0.0017577,-0.0010573,0.0048055
1.72,-0.00041221,0.00066764,-0.0022547,-0.001353,-0.0010512,0.0048055
1.73,0.0017206,0.00066774,-0.0023309,-0.0010453,-0.0010448,0.0048055
1.74,-0.0013787,0.00066774,-0.0023799,-0.00085257,-0.001039,0.0048055
1.75,0.00027429,0.00066744,-0.0023244,-0.00078494,-0.0010333,0.004809
1.76,-0.0016328,0.00066694,-0.0021568,-0.00084414,-0.0010281,0.004809
1.77,-0.0014029,0.00066614,-0.0019303,-0.001024,-0.0010233,0.004809
1.78,-0.0044997,0.00066514,-0.0017339,-0.0013113,-0.0010191,0.004809
1.79,0.00048247,0.00066384,-0.0016606,-0.0016869,-0.0010156,0.004809
1.8,0.00094469,0.00066224,-0.0017776,-0.0021266,-0.0010127,0.004809
1.81,0.000707,0.00066054,-0.0021037,-0.0026031,-0.0010106,0.0048055
1.82,0.0023594,0.00065854,-0.0026016,-0.0030871,-0.0010092,0.0048055
1.83,0.00045188,0.00065634,-0.0031843,-0.0035494,-0.0010088,0.0048055
1.84,-0.00074454,0.00065404,-0.0037393,-0.0039622,-0.0010091,0.0048055
1.85,-0.0038429,0.00065154,-0.0041606,-0.0043014,-0.0010104,0.0048055
1.86,-0.0033701,0.00064894,-0.0043804,-0.0045482,-0.0010124,0.0048019
1.87,-0.00052818,0.00064634,-0.0043876,-0.0046908,-0.0010153,0.0048019
1.88,-0.0019602,0.00064374,-0.0042289,-0.004725,-0.0010188,0.0048019
1.89,0.00087895,0.00064104,-0.0039919,-0.0046547,-0.001023,0.0048019
1.9,-0.0022118,0.00063804,-0.0037808,-0.0044914,-0.0010277,0.0047983
1.91,-0.00031443,0.00063604,-0.0036916,-0.0042527,-0.0010329,0.0047983
1.92,0.00038907,0.00063304,-0.0037932,-0.0039604,-0.0010382,0.0047983
1.93,0.0013327,0.00063004,-0.0041146,-0.0036385,-0.0010438,0.0047983
1.94,-0.00033353,0.00062704,-0.0046364,-0.0033103,-0.0010495,0.0047947
1.95,0.00061038,0.00062404,-0.0052893,-0.0029968,-0.0010548,0.0047947
1.96,0.00036444,0.00062104,-0.0059627,-0.0027153,-0.0010605,0.0047947
1.97,-0.0034414,0.00061804,-0.0065257,-0.0024786,-0.0010655,0.0047912
1.98,-0.002261,0.00061504,-0.0068569,-0.0022953,-0.0010705,0.0047912
1.99,0.00010751,0.00061204,-0.0068743,-0.0021702,-0.0010755,0.0047876
2,-0.0053578,0.00060804,-0.006557,-0.0021059,-0.0010798,0.0047876
2.01,-0.00061399,0.00060504,-0.0059508,-0.0021033,-0.0010837,0.004784
2.02,-0.001807,0.00060104,-0.005158,-0.0021625,-0.0010877,0.004784
2.03,0.0017472,0.00059804,-0.0043155,-0.0022833,-0.0010909,0.0047805
2.04,0.0024625,0.00059404,-0.0035687,-0.0024645,-0.0010937,0.0047769
2.05,0.003638,0.00059104,-0.0030462,-0.0027039,-0.0010962,0.0047769
2.06,7.367e-05,0.00058704,-0.00284,-0.0029978,-0.0010984,0.0047733
2.07,-0.00087948,0.00058404,-0.0029927,-0.0033405,-0.0011002,0.0047697
2.08,-0.0023084,0.00058204,-0.0034941,-0.0037243,-0.001102,0.0047662
2.09,-0.0015993,0.00057904,-0.0042884,-0.0041403,-0.001103,0.0047626
2.1,5.8168e-05,0.00057704,-0.0052896,-0.004579,-0.0011041,0.004759
2.11,-0.0016064,0.00057504,-0.0064019,-0.0050315,-0.0011052,0.0047555
2.12,0.0012415,0.00057404,-0.0075396,-0.0054904,-0.0011055,0.0047519
2.13,0.0021885,0.00057304,-0.0086408,-0.0059503,-0.0011062,0.0047483
2.14,0.0028956,0.00057304,-0.0096736,-0.0064085,-0.0011066,0.0047447
2.15,0.002423,0.00057304,-0.010632,-0.0068644,-0.0011066,0.0047412
2.16,0.00028048,0.00057304,-0.011525,-0.007319,-0.0011066,0.0047376
2.17,0.0043182,0.00057504,-0.012363,-0.0077742,-0.001107,0.004734
2.18,0.0059761,0.00057604,-0.013145,-0.0082317,-0.001107,0.0047305
2.19,0.0069242,0.00057804,-0.013859,-0.0086926,-0.001107,0.0047269
2.2,0.0069225,0.00058004,-0.014488,-0.0091565,-0.001107,0.0047233
2.21,0.002881,0.00058304,-0.015029,-0.0096218,-0.0011073,0.0047197
2.22,0.0045397,0.00058604,-0.015514,-0.010086,-0.0011077,0.0047197
2.23,0.0012186,0.00059004,-0.016023,-0.010545,-0.0011084,0.0047197
2.24,0.0040677,0.00059304,-0.016671,-0.010994,-0.0011091,0.0047162
2.25,0.0069169,0.00059704,-0.017583,-0.01143,-0.0011102,0.0047162
2.26,0.0092904,0.00060104,-0.01885,-0.011847,-0.0011112,0.0047197
2.27,0.0085771,0.00060504,-0.020487,-0.012238,-0.0011127,0.0047197
2.28,0.0097649,0.00060804,-0.022412,-0.012596,-0.0011137,0.0047197
2.29,0.0081059,0.00061204,-0.024446,-0.012911,-0.0011155,0.0047233
2.3,0.0040662,0.00061604,-0.026344,-0.013173,-0.001117,0.0047269
2.31,0.0062066,0.00061904,-0.027848,-0.013369,-0.0011184,0.0047305
2.32,0.0078672,0.00062304,-0.028736,-0.013487,-0.0011202,0.004734
2.33,0.010479,0.00062604,-0.028872,-0.013512,-0.0011216,0.0047376
2.34,0.005489,0.00062904,-0.028228,-0.01343,-0.001123,0.0047412
2.35,0.0033601,0.00063204,-0.026886,-0.013231,-0.0011241,0.0047483
2.36,0.0016915,0.00063504,-0.025008,-0.012901,-0.0011252,0.0047519
2.37,0.005493,0.00063704,-0.022796,-0.012428,-0.0011262,0.0047555
2.38,0.0076347,0.00064004,-0.020444,-0.011802,-0.001127,0.0047626
2.39,0.0064466,0.00064234,-0.018091,-0.011011,-0.001127,0.0047662
2.4,0.0047886,0.00064484,-0.015804,-0.010043,-0.0011273,0.0047733
2.41,-0.0011452,0.00064734,-0.013575,-0.0088858,-0.001127,0.0047769
2.42,-0.0018558,0.00064984,-0.011342,-0.0075306,-0.0011262,0.004784
2.43,-0.0047042,0.00065234,-0.0090175,-0.0059712,-0.0011252,0.0047876
2.44,-0.0023255,0.00065484,-0.0065156,-0.0042075,-0.0011241,0.0047947
2.45,-0.0023226,0.00065734,-0.0037657,-0.002248,-0.0011223,0.0047983
2.46,-0.0063555,0.00065974,-0.00071411,-0.00011148,-0.0011209,0.0048019
2.47,-0.0077823,0.00066204,0.0026819,0.002171,-0.0011187,0.0048055
2.48,-0.010859,0.00066434,0.00646,0.0045556,-0.001117,0.004809
2.49,-0.010625,0.00066644,0.010654,0.0069861,-0.0011152,0.0048126
2.5,-0.010382,0.00066854,0.015287,0.0093954,-0.0011134,0.0048126
2.51,-0.012277,0.00067044,0.020357,0.011709,-0.0011116,0.0048162
2.52,-0.010614,0.00067224,0.025818,0.013847,-0.0011105,0.0048162
2.53,-0.014169,0.00067394,0.031569,0.015731,-0.0011095,0.0048162
2.54,-0.01369,0.00067554,0.037435,0.017287,-0.0011087,0.0048162
2.55,-0.014397,0.00067704,0.043155,0.018451,-0.0011084,0.0048126
2.56,-0.017481,0.00067854,0.048381,0.019172,-0.0011084,0.0048126
2.57,-0.011538,0.00067994,0.052683,0.019421,-0.0011091,0.0048126
2.58,-0.013433,0.00068134,0.055595,0.019185,-0.0011098,0.004809
2.59,-0.015091,0.00068264,0.056685,0.01848,-0.0011112,0.0048055
2.6,-0.011047,0.00068404,0.055647,0.017343,-0.0011127,0.0048019
2.61,-0.011042,0.00068534,0.052393,0.015836,-0.0011148,0.0047983
2.62,-0.0062865,0.00068674,0.047107,0.014043,-0.001117,0.0047947
2.63,-0.0074711,0.00068804,0.040253,0.012063,-0.0011195,0.0047912
2.64,-0.0096055,0.00068924,0.032503,0.010011,-0.0011223,0.0047876
2.65,-0.0079299,0.00069034,0.024629,0.0080001,-0.0011248,0.004784
2.66,-0.012915,0.00069134,0.017366,0.0061428,-0.0011277,0.0047805
2.67,-0.011959,0.00069224,0.011296,0.0045355,-0.0011302,0.0047769
2.68,-0.014091,0.00069274,0.0067687,0.0032527,-0.0011327,0.0047697
2.69,-0.012897,0.00069304,0.0038839,0.0023383,-0.0011352,0.0047662
2.7,-0.0086199,0.00069304,0.0025158,0.0018017,-0.0011373,0.0047626
2.71,-0.012648,0.00069254,0.0023745,0.0016151,-0.0011391,0.004759
2.72,-0.012166,0.00069154,0.0030812,0.0017151,-0.0011409,0.0047519
2.73,-0.0090707,0.00069014,0.0042426,0.0020074,-0.0011423,0.0047483
2.74,-0.0093041,0.00068804,0.0055099,0.0023751,-0.0011434,0.0047447
2.75,-0.00098342,0.00068524,0.0066107,0.0026884,-0.0011441,0.0047376
2.76,-0.00050167,0.00068184,0.0073529,0.002816,-0.0011448,0.004734
2.77,0.0018762,0.00067774,0.0076028,0.0026369,-0.0011452,0.0047305
2.78,0.0014131,0.00067284,0.0072473,0.0020502,-0.0011452,0.0047233
2.79,-0.0014311,0.00066714,0.0061527,0.00098431,-0.0011448,0.0047197
2.8,0.0045171,0.00066074,0.0041295,-0.00059783,-0.0011445,0.0047162
2.81,0.0078442,0.00065354,0.00091572,-0.0026958,-0.0011441,0.0047126
2.82,0.015452,0.00064564,-0.0038119,-0.0052722,-0.001143,0.004709
2.83,0.017123,0.00063704,-0.010392,-0.008257,-0.0011423,0.0047055
2.84,0.01903,0.00062804,-0.019094,-0.011553,-0.0011409,0.0047019
2.85,0.014049,0.00061804,-0.030012,-0.015046,-0.0011398,0.0046983
2.86,0.018806,0.00060804,-0.04295,-0.018613,-0.0011384,0.0046983
2.87,0.017627,0.00059704,-0.057339,-0.022131,-0.001137,0.0046947
2.88,0.017871,0.00058604,-0.072234,-0.025491,-0.0011355,0.0046947
2.89,0.019542,0.00057404,-0.086399,-0.028602,-0.0011341,0.0046947
2.9,0.019074,0.00056304,-0.098489,-0.0314,-0.0011327,0.0046983
2.91,0.018132,0.00055104,-0.10729,-0.033848,-0.0011312,0.0046983
2.92,0.014101,0.00054004,-0.11195,-0.035943,-0.0011295,0.0047019
2.93,0.020283,0.00052904,-0.11218,-0.037705,-0.001128,0.0047019
2.94,0.022666,0.00051904,-0.10836,-0.039183,-0.0011266,0.0047055
2.95,0.031223,0.00050904,-0.10146,-0.040437,-0.0011252,0.0047126
2.96,0.036219,0.00050004,-0.092994,-0.041535,-0.0011237,0.0047162
2.97,0.040501,0.00049204,-0.084756,-0.042542,-0.0011227,0.0047197
2.98,0.038134,0.00048504,-0.07859,-0.043511,-0.0011216,0.0047269
2.99,0.039328,0.00047904,-0.076111,-0.044473,-0.0011212,0.0047305
3,0.03791,0.00047404,-0.07843,-0.045432,-0.0011212,0.0047376
3.01,0.039817,0.00047204,-0.085908,-0.046362,-0.0011216,0.0047412
3.02,0.039825,0.00047104,-0.098012,-0.047206,-0.0011227,0.0047483
3.03,0.030095,0.00047104,-0.11333,-0.047881,-0.0011245,0.0047519
3.04,0.027252,0.00047404,-0.12977,-0.048283,-0.0011266,0.004759
3.05,0.022746,0.00047904,-0.14487,-0.048296,-0.0011298,0.0047626
3.06,0.021328,0.00048604,-0.15624,-0.047799,-0.0011337,0.0047697
3.07,0.016823,0.00049604,-0.16187,-0.046681,-0.0011387,0.0047733
3.08,0.015641,0.00050804,-0.16045,-0.044845,-0.0011441,0.0047733
3.09,0.0078068,0.00052204,-0.15147,-0.042218,-0.0011505,0.0047769
3.1,-0.00049567,0.00053904,-0.13532,-0.038755,-0.001158,0.0047769
3.11,-0.0021513,0.00055904,-0.1131,-0.034443,-0.0011662,0.0047769
3.12,-0.005704,0.00058104,-0.08652,-0.029298,-0.0011752,0.0047769
3.13,-0.0099779,0.00060604,-0.057615,-0.023367,-0.0011845,0.0047769
3.14,-0.013058,0.00063304,-0.028485,-0.016726,-0.0011945,0.0047733
3.15,-0.021127,0.00066194,-0.0010163,-0.0094691,-0.0012052,0.0047697
3.16,-0.023496,0.00069314,0.023373,-0.0017133,-0.0012159,0.0047662
3.17,-0.026104,0.00072624,0.043937,0.0064121,-0.001227,0.0047626
3.18,-0.031085,0.00076094,0.060722,0.014767,-0.001238,0.0047555
3.19,-0.033455,0.00079704,0.074559,0.023203,-0.0012491,0.0047519
3.2,-0.036538,0.00083434,0.086916,0.031571,-0.0012598,0.0047447
3.21,-0.04152,0.00087204,0.099607,0.039719,-0.0012702,0.0047412
3.22,-0.04769,0.00091104,0.11439,0.047499,-0.0012798,0.004734
3.23,-0.049823,0.00095004,0.13257,0.054767,-0.0012887,0.0047269
3.24,-0.050294,0.00098804,0.15461,0.061393,-0.001297,0.0047233
3.25,-0.047676,0.001026,0.17995,0.067257,-0.0013041,0.0047197
3.26,-0.04696,0.001063,0.20706,0.072261,-0.0013105,0.0047126
3.27,-0.042206,0.001099,0.23366,0.076329,-0.0013155,0.004709
3.28,-0.031989,0.001133,0.25711,0.079412,-0.0013195,0.0047055
3.29,-0.029135,0.001165,0.27489,0.081494,-0.0013223,0.0047019
3.3,-0.02652,0.001194,0.28501,0.082589,-0.0013234,0.0046983
3.31,-0.026041,0.00122,0.28639,0.082745,-0.0013234,0.0046947
3.32,-0.031025,0.001244,0.27907,0.082039,-0.001322,0.0046912
3.33,-0.034822,0.001263,0.26427,0.080569,-0.0013191,0.0046876
3.34,-0.040994,0.001279,0.24416,0.078452,-0.0013152,0.004684
3.35,-0.051679,0.001291,0.22156,0.07581,-0.0013098,0.0046805
3.36,-0.053576,0.001299,0.19942,0.072758,-0.0013037,0.0046769
3.37,-0.059985,0.001302,0.18024,0.069399,-0.0012966,0.0046697
3.38,-0.060221,0.0013,0.16562,0.065811,-0.0012887,0.0046662
3.39,-0.050719,0.001294,0.15594,0.062041,-0.0012802,0.004659
3.4,-0.045728,0.001283,0.15035,0.058106,-0.0012712,0.0046519
3.41,-0.032901,0.001267,0.14698,0.053989,-0.0012616,0.0046447
3.42,-0.028149,0.001246,0.14345,0.049647,-0.001252,0.0046376
3.43,-0.022922,0.00122,0.13746,0.045013,-0.001242,0.0046269
3.44,-0.012946,0.001189,0.12719,0.040012,-0.001232,0.0046162
3.45,-0.0072478,0.001153,0.11175,0.034564,-0.0012223,0.0046055
3.46,-0.0058162,0.001112,0.091211,0.028598,-0.001213,0.0045947
3.47,-0.0015407,0.001067,0.066534,0.02206,-0.0012045,0.0045805
3.48,0.00083673,0.001017,0.039268,0.01492,-0.0011966,0.0045697
3.49,0.0096241,0.00096204,0.01116,0.0071789,-0.0011898,0.0045555
3.5,0.014613,0.00090304,-0.016237,-0.0011324,-0.0011841,0.0045412
3.51,0.027677,0.00084094,-0.041887,-0.0099489,-0.0011798,0.0045269
3.52,0.032903,0.00077494,-0.065447,-0.019176,-0.001177,0.0045126
3.53,0.041692,0.00070594,-0.087286,-0.028691,-0.0011755,0.0044983
3.54,0.04763,0.00063404,-0.10833,-0.038355,-0.0011762,0.004484
3.55,0.058794,0.00056104,-0.12979,-0.04801,-0.0011784,0.0044697
3.56,0.067345,0.00048604,-0.15281,-0.057494,-0.0011823,0.0044555
3.57,0.078271,0.00041004,-0.17813,-0.066646,-0.001188,0.0044447
3.58,0.083972,0.00033404,-0.20585,-0.075311,-0.0011959,0.004434
3.59,0.084447,0.00025804,-0.23525,-0.083353,-0.0012052,0.0044233
3.6,0.08231,0.00018404,-0.26487,-0.090655,-0.0012162,0.0044162
3.61,0.066874,0.00011104,-0.29274,-0.097127,-0.0012284,0.004409
3.62,0.0474,4.1045e-05,-0.31667,-0.10271,-0.0012423,0.0044055
3.63,0.03315,-2.5955e-05,-0.33472,-0.10738,-0.0012573,0.0044055
3.64,0.024838,-8.9955e-05,-0.34569,-0.11114,-0.0012734,0.0044055
3.65,0.021513,-0.00014896,-0.3494,-0.11403,-0.0012902,0.004409
3.66,0.029114,-0.00020396,-0.34686,-0.1161,-0.0013073,0.0044162
3.67,0.046927,-0.00025296,-0.34017,-0.11743,-0.0013248,0.0044269
3.68,0.069965,-0.00029896,-0.33203,-0.11808,-0.0013427,0.0044376
3.69,0.082315,-0.00033896,-0.32518,-0.11813,-0.0013598,0.0044555
3.7,0.085641,-0.00036896,-0.32169,-0.11763,-0.001377,0.0044733
3.71,0.085404,-0.00038896,-0.32243,-0.11661,-0.001393,0.0044947
3.72,0.071391,-0.00040896,-0.32692,-0.11507,-0.0014084,0.0045197
3.73,0.068066,-0.00041896,-0.33347,-0.11299,-0.0014227,0.0045483
3.74,0.064504,-0.00041896,-0.33963,-0.11032,-0.0014355,0.0045805
3.75,0.055954,-0.00041896,-0.34282,-0.10701,-0.001447,0.0046126
3.76,0.043366,-0.00040896,-0.34082,-0.10299,-0.0014566,0.0046447
3.77,0.037904,-0.00038896,-0.33221,-0.098202,-0.0014648,0.0046805
3.78,0.027929,-0.00035896,-0.31649,-0.092591,-0.0014709,0.0047126
3.79,0.022704,-0.00031896,-0.29402,-0.086133,-0.0014752,0.0047483
3.8,0.017954,-0.00026896,-0.26579,-0.078825,-0.0014773,0.004784
3.81,0.01059,-0.00021896,-0.2331,-0.07069,-0.0014773,0.0048162
3.82,0.0022736,-0.00015596,-0.19727,-0.061776,-0.0014752,0.0048447
3.83,-0.004847,-8.4955e-05,-0.1594,-0.052154,-0.0014709,0.0048733
3.84,-0.014112,-6.9554e-06,-0.1203,-0.041908,-0.0014645,0.0049019
3.85,-0.017913,8.0045e-05,-0.080483,-0.031133,-0.0014559,0.0049233
3.86,-0.024801,0.00017304,-0.040283,-0.019931,-0.0014455,0.0049447
3.87,-0.027415,0.00027404,3.149e-05,-0.0084,-0.001433,0.004959
3.88,-0.035253,0.00038104,0.040156,0.0033612,-0.0014191,0.0049733
3.89,-0.046654,0.00049404,0.07971,0.015259,-0.0014037,0.004984
3.9,-0.056394,0.00061204,0.11827,0.027201,-0.0013873,0.0049912
3.91,-0.059957,0.00073533,0.15544,0.039098,-0.0013695,0.0049947
3.92,-0.068984,0.00086204,0.19093,0.050856,-0.0013512,0.0049947
3.93,-0.083948,0.00099204,0.22465,0.06238,-0.001332,0.0049947
3.94,-0.098912,0.001124,0.25666,0.073565,-0.0013123,0.0049912
3.95,-0.10438,0.001258,0.28713,0.084302,-0.0012923,0.004984
3.96,-0.1058,0.001392,0.3162,0.094475,-0.0012723,0.0049769
3.97,-0.10842,0.001526,0.34383,0.10397,-0.0012523,0.0049697
3.98,-0.099634,0.001658,0.36973,0.11267,-0.0012323,0.0049555
3.99,-0.078973,0.001791,0.39327,0.12048,-0.0012127,0.0049447
4,-0.063064,0.001921,0.41363,0.12732,-0.0011934,0.0049269
4.01,-0.045492,0.002041,0.42996,0.13313,-0.0011745,0.0049126
4.02,-0.026969,0.002161,0.44164,0.1379,-0.0011562,0.0048912
4.03,-0.027922,0.002271,0.44855,0.14165,-0.0011387,0.0048697
4.04,-0.040512,0.002381,0.45122,0.14443,-0.0011223,0.0048483
4.05,-0.06664,0.002481,0.45076,0.14633,-0.0011066,0.0048197
4.06,-0.091343,0.002571,0.44873,0.14745,-0.0010923,0.0047947
4.07,-0.11438,0.002651,0.44673,0.14792,-0.0010791,0.0047626
4.08,-0.12436,0.002721,0.44601,0.14784,-0.0010677,0.004734
4.09,-0.10964,0.002781,0.44718,0.1473,-0.0010577,0.0047019
4.1,-0.08898,0.002821,0.45001,0.14638,-0.0010498,0.0046697
4.11,-0.073072,0.002861,0.4535,0.14509,-0.0010437,0.0046376
4.12,-0.0536,0.002881,0.45616,0.14339,-0.0010397,0.0046055
4.13,-0.038403,0.002891,0.45634,0.14124,-0.0010376,0.0045733
4.14,-0.030331,0.002881,0.45256,0.13851,-0.0010376,0.0045412
4.15,-0.022496,0.002861,0.44375,0.13506,-0.0010397,0.0045126
4.16,-0.014424,0.002831,0.42933,0.13074,-0.0010436,0.004484
4.17,-0.003266,0.002781,0.4092,0.12538,-0.0010495,0.0044555
4.18,-0.0051688,0.002711,0.38355,0.11881,-0.0010573,0.0044305
4.19,-0.0054116,0.002631,0.35274,0.1109,-0.0010666,0.004409
4.2,-0.0056444,0.002531,0.31709,0.10153,-0.0010773,0.0043876
4.21,-0.005887,0.002411,0.27688,0.090624,-0.0010898,0.0043697
4.22,0.0045605,0.002281,0.23228,0.078165,-0.0011037,0.0043555
4.23,0.020944,0.002141,0.18351,0.064176,-0.0011187,0.0043447
4.24,0.038517,0.001981,0.13092,0.048735,-0.0011352,0.004334
4.25,0.055378,0.001811,0.075102,0.031977,-0.0011527,0.0043233
4.26,0.068438,0.001621,0.01693,0.014088,-0.0011716,0.0043162
4.27,0.087911,0.001422,-0.042465,-0.0046958,-0.0011912,0.0043126
4.28,0.10596,0.001211,-0.10183,-0.024093,-0.0012123,0.0043126
4.29,0.12211,0.00098904,-0.15996,-0.043784,-0.0012348,0.004309
4.3,0.13849,0.00075804,-0.21589,-0.063425,-0.0012584,0.004309
4.31,0.14182,0.00051904,-0.26896,-0.082653,-0.001283,0.0043126
4.32,0.13327,0.00027204,-0.31888,-0.10111,-0.0013087,0.0043162
4.33,0.12448,2.1045e-05,-0.36556,-0.11844,-0.0013359,0.0043233
4.34,0.11474,-0.00023496,-0.40898,-0.13433,-0.0013645,0.0043305
4.35,0.097166,-0.00048896,-0.44895,-0.14852,-0.0013937,0.0043376
4.36,0.068428,-0.00074896,-0.48503,-0.16082,-0.0014245,0.0043519
4.37,0.052753,-0.001009,-0.51658,-0.17111,-0.0014559,0.0043626
4.38,0.033042,-0.001269,-0.54291,-0.17935,-0.001488,0.0043805
4.39,0.020217,-0.001519,-0.56363,-0.18562,-0.0015209,0.0043947
4.4,0.029243,-0.001759,-0.57883,-0.19006,-0.0015541,0.0044162
4.41,0.061544,-0.001999,-0.58929,-0.1929,-0.0015873,0.0044376
4.42,0.087907,-0.002229,-0.59633,-0.19441,-0.0016202,0.0044626
4.43,0.10287,-0.002449,-0.60161,-0.19492,-0.0016527,0.0044912
4.44,0.11878,-0.002649,-0.60673,-0.19475,-0.0016837,0.0045197
4.45,0.12686,-0.002839,-0.61283,-0.19421,-0.0017137,0.0045483
4.46,0.11689,-0.003009,-0.6203,-0.19357,-0.0017412,0.0045805
4.47,0.096702,-0.003169,-0.62868,-0.19303,-0.001767,0.0046162
4.48,0.085304,-0.003309,-0.63682,-0.19271,-0.0017898,0.0046483
4.49,0.064882,-0.003419,-0.64318,-0.19264,-0.0018095,0.004684
4.5,0.039471,-0.003519,-0.64619,-0.19278,-0.0018259,0.0047197
4.51,0.019523,-0.003589,-0.64463,-0.19296,-0.0018384,0.004759
4.52,0.0219,-0.003639,-0.63784,-0.19295,-0.0018473,0.0047947
4.53,0.017153,-0.003669,-0.62571,-0.19246,-0.001852,0.0048305
4.54,0.019769,-0.003659,-0.60866,-0.19114,-0.0018523,0.0048626
4.55,0.022146,-0.003639,-0.58732,-0.18864,-0.0018484,0.0048983
4.56,0.013361,-0.003579,-0.56229,-0.18458,-0.0018402,0.0049305
4.57,-0.0025525,-0.003499,-0.53389,-0.17865,-0.001827,0.0049626
4.58,-0.015609,-0.003389,-0.50202,-0.17056,-0.0018095,0.0049876
4.59,-0.025581,-0.003249,-0.46615,-0.16009,-0.0017873,0.0050162
4.6,-0.030565,-0.003089,-0.42551,-0.14713,-0.0017609,0.0050376
4.61,-0.037212,-0.002899,-0.37924,-0.13166,-0.0017298,0.005059
4.62,-0.04291,-0.002679,-0.32672,-0.11376,-0.0016945,0.0050805
4.63,-0.05787,-0.002439,-0.26768,-0.093635,-0.0016548,0.0050947
4.64,-0.079479,-0.002169,-0.20238,-0.071574,-0.0016109,0.0051055
4.65,-0.10299,-0.001879,-0.13157,-0.047977,-0.0015627,0.0051162
4.66,-0.12341,-0.001569,-0.056454,-0.023317,-0.0015109,0.0051233
4.67,-0.14383,-0.001229,0.021397,0.0018769,-0.0014552,0.0051269
4.68,-0.15951,-0.00087896,0.10016,0.027042,-0.0013955,0.0051269
4.69,-0.15262,-0.00050896,0.17783,0.051611,-0.001333,0.0051233
4.7,-0.14834,-0.00012496,0.2523,0.075044,-0.001267,0.0051162
4.71,-0.14573,0.00027304,0.32137,0.096852,-0.001198,0.005109
4.72,-0.13124,0.00068184,0.38287,0.11663,-0.0011262,0.0050947
4.73,-0.10701,0.0011,0.43477,0.13406,-0.001052,0.0050805
4.74,-0.085157,0.001525,0.47537,0.14897,-0.00097585,0.0050626
4.75,-0.060455,0.001951,0.50361,0.16127,-0.0008981,0.0050412
4.76,-0.030528,0.002391,0.51945,0.17104,-0.00081928,0.0050162
4.77,-0.014614,0.002821,0.52412,0.17845,-0.00073999,0.0049876
4.78,-0.034325,0.003251,0.52021,0.18375,-0.00066084,0.004959
4.79,-0.061873,0.003671,0.51149,0.1873,-0.00058253,0.0049269
4.8,-0.094647,0.004091,0.50234,0.18948,-0.00050578,0.0048912
4.81,-0.13003,0.004501,0.49699,0.19067,-0.00043121,0.004859
4.82,-0.14974,0.004901,0.49875,0.19125,-0.00035956,0.0048233
4.83,-0.14761,0.005281,0.50933,0.19156,-0.0002916,0.0047876
4.84,-0.13359,0.005651,0.52855,0.19187,-0.00022731,0.0047519
4.85,-0.10414,0.005991,0.55453,0.19237,-0.00016767,0.0047162
4.86,-0.073503,0.006321,0.58417,0.19319,-0.00011303,0.004684
4.87,-0.042864,0.006621,0.61391,0.19435,-6.3385e-05,0.0046519
4.88,-0.016501,0.006901,0.64049,0.19582,-1.91e-05,0.0046233
4.89,-0.0081915,0.007151,0.66147,0.19751,1.9472e-05,0.0045947
4.9,0.0013094,0.007371,0.67542,0.19926,5.2329e-05,0.0045733
4.91,0.0020302,0.007561,0.68183,0.20091,7.9115e-05,0.0045555
4.92,-0.0091389,0.007711,0.68086,0.20224,0.00010019,0.0045412
4.93,-0.020297,0.007831,0.67301,0.20306,0.00011447,0.0045305
4.94,-0.015071,0.007921,0.65902,0.20315,0.00012269,0.0045269
4.95,0.003454,0.007961,0.63983,0.20233,0.00012376,0.0045269
4.96,0.028156,0.007961,0.6166,0.20042,0.00011804,0.0045305
4.97,0.050957,0.007931,0.59077,0.19725,0.00010519,0.0045412
4.98,0.067346,0.007851,0.56394,0.19269,8.4829e-05,0.0045519
4.99,0.079935,0.007741,0.53764,0.18659,5.6972e-05,0.0045697
5,0.098224,0.007581,0.51296,0.17885,2.1615e-05,0.0045912
5.01,0.12863,0.007391,0.49014,0.16935,-2.16e-05,0.0046162
5.02,0.15546,0.007151,0.46832,0.15802,-7.2314e-05,0.0046412
5.03,0.17209,0.006871,0.44543,0.14479,-0.00013053,0.0046697
5.04,0.18563,0.006561,0.41844,0.12963,-0.00019589,0.0046983
5.05,0.17589,0.006211,0.38384,0.11257,-0.00026874,0.0047269
5.06,0.15072,0.005831,0.33833,0.09368,-0.00034792,0.004759
5.07,0.13457,0.005421,0.27959,0.073097,-0.00043353,0.0047876
5.08,0.11296,0.004971,0.20688,0.051026,-0.00052496,0.0048162
5.09,0.07829,0.004501,0.12147,0.027733,-0.00062164,0.0048447
5.1,0.036493,0.004011,0.026582,0.0035442,-0.00072294,0.0048733
5.11,0.010607,0.003491,-0.072977,-0.02117,-0.00082817,0.0048983
5.12,0.0046742,0.002951,-0.1716,-0.046012,-0.00093653,0.0049233
5.13,0.012038,0.002401,-0.26381,-0.070569,-0.0010473,0.0049483
5.14,0.035316,0.001831,-0.34524,-0.094442,-0.0011595,0.0049733
5.15,0.080207,0.00126,-0.4133,-0.11725,-0.0012723,0.0049947
5.16,0.10847,0.00067874,-0.4676,-0.13866,-0.0013852,0.0050197
5.17,0.11916,9.5045e-05,-0.50973,-0.15839,-0.0014966,0.0050412
5.18,0.12938,-0.00048896,-0.54276,-0.17621,-0.0016059,0.0050662
5.19,0.14316,-0.001069,-0.57032,-0.19195,-0.0017127,0.0050876
5.2,0.14292,-0.001639,-0.59565,-0.20553,-0.0018159,0.0051126
5.21,0.12416,-0.002199,-0.6209,-0.21691,-0.0019145,0.0051376
5.22,0.10066,-0.002739,-0.64675,-0.22613,-0.0020077,0.0051662
5.23,0.082847,-0.003269,-0.67265,-0.2333,-0.0020952,0.0051947
5.24,0.049364,-0.003779,-0.69731,-0.23857,-0.0021766,0.0052233
5.25,0.01588,-0.004259,-0.71935,-0.24215,-0.0022505,0.0052555
5.26,0.0023431,-0.004709,-0.73786,-0.24428,-0.0023177,0.0052876
5.27,-0.009763,-0.005139,-0.75257,-0.24523,-0.0023766,0.0053197
5.28,-0.010469,-0.005519,-0.76382,-0.24528,-0.002428,0.0053519
5.29,-0.004525,-0.005879,-0.77222,-0.24469,-0.0024709,0.0053876
5.3,0.014475,-0.006189,-0.77824,-0.24371,-0.0025052,0.0054233
5.31,0.019704,-0.006459,-0.78187,-0.24252,-0.0025305,0.0054626
5.32,0.014008,-0.006679,-0.78253,-0.24125,-0.0025473,0.0054983
5.33,-0.0052291,-0.006869,-0.77916,-0.23993,-0.0025552,0.0055376
5.34,-0.028259,-0.006999,-0.77061,-0.23854,-0.0025537,0.0055769
5.35,-0.052242,-0.007079,-0.75604,-0.23691,-0.0025434,0.0056197
5.36,-0.074802,-0.007119,-0.73524,-0.23483,-0.0025241,0.005659
5.37,-0.099735,-0.007109,-0.70878,-0.23199,-0.0024959,0.0057019
5.38,-0.13512,-0.007049,-0.67792,-0.22799,-0.0024591,0.0057483
5.39,-0.15697,-0.006929,-0.64419,-0.22243,-0.0024141,0.0057912
5.4,-0.16907,-0.006769,-0.60897,-0.21489,-0.0023605,0.0058376
5.41,-0.19686,-0.006559,-0.57299,-0.20496,-0.0022995,0.0058876
5.42,-0.21372,-0.006309,-0.53608,-0.19232,-0.0022305,0.005934
5.43,-0.19994,-0.006009,-0.49707,-0.17676,-0.0021545,0.0059805
5.44,-0.1788,-0.005669,-0.454,-0.1582,-0.0020716,0.0060305
5.45,-0.16597,-0.005279,-0.40459,-0.13671,-0.0019823,0.0060733
5.46,-0.13201,-0.004859,-0.34673,-0.11254,-0.001887,0.0061162
5.47,-0.063129,-0.004399,-0.27906,-0.086107,-0.0017862,0.006159
5.48,-0.022039,-0.003899,-0.20134,-0.057976,-0.0016805,0.0061912
5.49,-0.0051777,-0.003379,-0.11471,-0.028819,-0.0015705,0.0062233
5.5,0.011691,-0.002829,-0.021551,0.00062563,-0.0014566,0.0062483
5.51,-0.00041932,-0.002249,0.074766,0.0296,-0.0013402,0.0062626
5.52,-0.042692,-0.001659,0.17034,0.057384,-0.001222,0.0062733
5.53,-0.10753,-0.001049,0.26128,0.083342,-0.0011027,0.0062733
5.54,-0.1384,-0.00041896,0.34417,0.10696,-0.00098349,0.0062697
5.55,-0.14196,0.00021904,0.4165,0.12788,-0.00086521,0.0062555
5.56,-0.15645,0.00086204,0.47685,0.14589,-0.00074889,0.0062305
5.57,-0.15668,0.001508,0.525,0.16095,-0.00063539,0.0062019
5.58,-0.12343,0.002151,0.56179,0.17317,-0.00052556,0.0061626
5.59,-0.094694,0.002791,0.58891,0.18279,-0.00042021,0.0061197
5.6,-0.069043,0.003421,0.60861,0.19011,-0.00032017,0.0060733
5.61,-0.028429,0.004041,0.6233,0.19551,-0.00022553,0.0060197
5.62,-0.0020668,0.004641,0.6352,0.19939,-0.00013803,0.0059626
5.63,0.010048,0.005221,0.64598,0.20213,-5.7314e-05,0.0059055
5.64,0.014086,0.005771,0.65656,0.20405,1.5543e-05,0.0058483
5.65,0.0081462,0.006301,0.66701,0.20544,7.9829e-05,0.0057912
5.66,-0.00087395,0.006791,0.67664,0.20649,0.00013483,0.005734
5.67,-0.023436,0.007251,0.68422,0.20732,0.00018019,0.0056805
5.68,-0.023435,0.007671,0.68838,0.20797,0.00021519,0.005634
5.69,-0.0061002,0.008051,0.68797,0.20844,0.00023911,0.0055876
5.7,0.018605,0.008391,0.6824,0.20865,0.00025233,0.0055519
5.71,0.045443,0.008681,0.67182,0.2085,0.00025376,0.0055197
5.72,0.087482,0.008921,0.65713,0.20788,0.00024411,0.0054983
5.73,0.12477,0.009121,0.63976,0.20668,0.00022269,0.0054805
5.74,0.1642,0.009261,0.62136,0.20479,0.00019019,0.0054733
5.75,0.20481,0.009351,0.60339,0.20209,0.00014661,0.0054733
5.76,0.22215,0.009381,0.58677,0.19851,9.2329e-05,0.0054805
5.77,0.23379,0.009361,0.57159,0.19395,2.8043e-05,0.0054983
5.78,0.23782,0.009291,0.55712,0.18835,-4.5885e-05,0.0055197
5.79,0.21289,0.009161,0.54187,0.18161,-0.00012874,0.0055519
5.8,0.18273,0.008981,0.52391,0.17365,-0.00022017,0.0055876
5.81,0.1566,0.008751,0.50129,0.16438,-0.0003191,0.0056305
5.82,0.12882,0.008471,0.47242,0.15369,-0.00042514,0.0056805
5.83,0.08488,0.008141,0.43637,0.14148,-0.00053753,0.0057376
5.84,0.017431,0.007771,0.39297,0.12766,-0.00065554,0.0057947
5.85,-0.0065534,0.007361,0.3427,0.11215,-0.00077831,0.005859
5.86,0.0048478,0.006901,0.28642,0.094906,-0.00090499,0.0059269
5.87,0.0088891,0.006411,0.22503,0.07595,-0.0010347,0.0059947
5.88,0.039049,0.005891,0.15922,0.055351,-0.0011662,0.0060662
5.89,0.10175,0.005341,0.089424,0.033263,-0.0012991,0.0061412
5.9,0.1369,0.004761,0.015873,0.0099186,-0.0014316,0.0062162
5.91,0.13405,0.004161,-0.061081,-0.014367,-0.0015634,0.0062912
5.92,0.12289,0.003541,-0.14068,-0.039206,-0.0016927,0.0063662
5.93,0.12361,0.002921,-0.22155,-0.064153,-0.0018187,0.0064412
5.94,0.10413,0.002281,-0.30163,-0.088729,-0.0019405,0.0065162
5.95,0.078958,0.001636,-0.37841,-0.11245,-0.0020573,0.0065876
5.96,0.06922,0.00099404,-0.44929,-0.13486,-0.002168,0.006659
5.97,0.061146,0.00035804,-0.51205,-0.15556,-0.002272,0.0067269
5.98,0.035735,-0.00026896,-0.56538,-0.17424,-0.002368,0.0067912
5.99,0.015311,-0.00087896,-0.60907,-0.19066,-0.0024559,0.0068519
6,0.0032023,-0.001479,-0.64405,-0.20474,-0.0025345,0.006909
6.01,-0.0043973,-0.002049,-0.67204,-0.21647,-0.0026034,0.0069626
6.02,-0.0032171,-0.002589,-0.69504,-0.22596,-0.002662,0.0070126
6.03,0.003673,-0.003099,-0.71473,-0.23338,-0.0027102,0.0070555
6.04,0.019349,-0.003579,-0.73198,-0.23898,-0.002747,0.0070947
6.05,0.027187,-0.004019,-0.74663,-0.24301,-0.0027727,0.0071305
6.06,0.016261,-0.004419,-0.75756,-0.24572,-0.0027866,0.007159
6.07,-0.0060684,-0.004769,-0.76316,-0.24732,-0.0027891,0.0071876
6.08,-0.03884,-0.005069,-0.76185,-0.24797,-0.0027798,0.0072126
6.09,-0.087529,-0.005329,-0.75269,-0.24772,-0.0027591,0.007234
6.1,-0.11912,-0.005529,-0.73575,-0.24655,-0.002727,0.0072519
6.11,-0.14809,-0.005679,-0.71219,-0.24435,-0.0026837,0.0072697
6.12,-0.19393,-0.005769,-0.68401,-0.24091,-0.0026302,0.0072876
6.13,-0.22457,-0.005809,-0.65354,-0.23594,-0.0025659,0.0073055
6.14,-0.24239,-0.005789,-0.62277,-0.22913,-0.0024923,0.0073269
6.15,-0.26709,-0.005719,-0.59285,-0.22014,-0.0024091,0.0073483
6.16,-0.27374,-0.005599,-0.56363,-0.20867,-0.002318,0.0073697
6.17,-0.24002,-0.005419,-0.5337,-0.19447,-0.0022187,0.0073912
6.18,-0.212,-0.005189,-0.50059,-0.17743,-0.0021127,0.0074162
6.19,-0.19276,-0.004909,-0.46133,-0.15753,-0.0019998,0.0074447
6.2,-0.12746,-0.004579,-0.41307,-0.13492,-0.0018816,0.0074697
6.21,-0.044809,-0.004209,-0.35374,-0.10993,-0.0017584,0.0074947
6.22,-0.011563,-0.003789,-0.28252,-0.082986,-0.0016312,0.0075233
6.23,0.0007819,-0.003339,-0.2001,-0.054669,-0.0015009,0.0075447
6.24,0.0057676,-0.002839,-0.10864,-0.025625,-0.0013684,0.0075662
6.25,-0.0044468,-0.002319,-0.011515,0.0034558,-0.0012345,0.007584
6.26,-0.073092,-0.001769,0.087129,0.03189,-0.0011005,0.0075983
6.27,-0.14815,-0.001189,0.18294,0.059043,-0.00096806,0.0076055
6.28,-0.15884,-0.00058896,0.27192,0.084366,-0.00083774,0.007609
6.29,-0.16146,2.2045e-05,0.35092,0.10742,-0.00071081,0.0076055
6.3,-0.1731,0.00064874,0.41801,0.12791,-0.00058839,0.0075983
6.31,-0.15577,0.001284,0.47259,0.14565,-0.00047142,0.007584
6.32,-0.12419,0.001921,0.51535,0.16062,-0.00036089,0.0075662
6.33,-0.074316,0.002561,0.54805,0.17289,-0.00025767,0.0075412
6.34,-0.027296,0.003191,0.57308,0.18264,-0.00016231,0.0075162
6.35,0.001433,0.003811,0.59303,0.19015,-7.5885e-05,0.007484
6.36,0.030644,0.004421,0.61018,0.19572,9.0043e-07,0.0074519
6.37,0.025652,0.005011,0.62616,0.19969,6.7686e-05,0.0074197
6.38,0.0080674,0.005571,0.64169,0.2024,0.00012376,0.0073876
6.39,-0.0059477,0.006111,0.65652,0.20416,0.00016911,0.0073555
6.4,-0.025189,0.006621,0.66963,0.20526,0.00020233,0.0073233
6.41,-0.043719,0.007091,0.67951,0.2059,0.00022411,0.0072983
6.42,-0.039923,0.007521,0.6846,0.20625,0.0002334,0.0072733
6.43,-0.013566,0.007911,0.68366,0.20638,0.00023019,0.0072519
6.44,0.02918,0.008251,0.67614,0.20631,0.00021447,0.0072376
6.45,0.081425,0.008541,0.6623,0.20601,0.00018626,0.0072305
6.46,0.13106,0.008781,0.64326,0.20536,0.0001459,0.0072233
6.47,0.17689,0.008971,0.62074,0.20421,9.3758e-05,0.0072233
6.48,0.21798,0.009101,0.59678,0.20237,3.0186e-05,0.0072305
6.49,0.25692,0.009181,0.57334,0.19962,-4.4457e-05,0.0072412
6.5,0.28376,0.009201,0.55189,0.19571,-0.0001291,0.007259
6.51,0.28399,0.009161,0.53309,0.19039,-0.00022303,0.0072769
6.52,0.2771,0.009071,0.51656,0.18343,-0.00032553,0.0073019
6.53,0.2486,0.008911,0.50091,0.17462,-0.0004356,0.0073305
6.54,0.20894,0.008711,0.48379,0.16379,-0.00055249,0.0073626
6.55,0.18281,0.008451,0.4623,0.15082,-0.0006753,0.0073947
6.56,0.16761,0.008131,0.43337,0.13566,-0.00080324,0.0074305
6.57,0.10609,0.007771,0.39431,0.11834,-0.00093546,0.0074697
6.58,0.027955,0.007361,0.34331,0.098944,-0.0010712,0.0075126
6.59,-0.0010212,0.006901,0.27978,0.077667,-0.0012095,0.0075555
6.6,0.015128,0.006411,0.20451,0.054762,-0.0013495,0.0075983
6.61,0.032228,0.005881,0.11962,0.030554,-0.0014902,0.0076447
6.62,0.05004,0.005311,0.028256,0.0054236,-0.0016309,0.0076947
6.63,0.092554,0.004721,-0.065848,-0.020206,-0.0017705,0.0077412
6.64,0.1429,0.004101,-0.15887,-0.045887,-0.0019077,0.0077947
6.65,0.15003,0.003461,-0.24739,-0.071162,-0.002042,0.0078447
6.66,0.14576,0.002811,-0.32876,-0.095587,-0.0021712,0.0079019
6.67,0.14837,0.002151,-0.40132,-0.11875,-0.0022955,0.0079555
6.68,0.13127,0.001477,-0.46441,-0.14028,-0.0024134,0.0080126
6.69,0.10301,0.00080474,-0.5182,-0.15989,-0.0025241,0.0080697
6.7,0.083538,0.00013704,-0.56351,-0.17735,-0.0026266,0.0081269
6.71,0.069528,-0.00051896,-0.60156,-0.19253,-0.0027205,0.008184
6.72,0.048155,-0.001169,-0.63384,-0.20541,-0.0028052,0.0082412
6.73,0.012295,-0.001799,-0.66189,-0.21605,-0.0028798,0.0082947
6.74,-0.0071809,-0.002399,-0.6872,-0.22462,-0.0029441,0.0083483
6.75,-0.012874,-0.002979,-0.71089,-0.23132,-0.0029977,0.0083983
6.76,-0.015721,-0.003519,-0.73349,-0.23646,-0.0030398,0.0084483
6.77,-0.0088322,-0.004029,-0.75471,-0.24032,-0.0030702,0.0084947
6.78,0.0087508,-0.004489,-0.7734,-0.24321,-0.0030887,0.0085376
6.79,0.027513,-0.004909,-0.78769,-0.2454,-0.0030948,0.0085769
6.8,0.019916,-0.005289,-0.79541,-0.24707,-0.0030884,0.0086126
6.81,-0.00074364,-0.005609,-0.79466,-0.24833,-0.0030691,0.0086447
6.82,-0.04634,-0.005879,-0.78438,-0.2492,-0.003037,0.0086733
6.83,-0.10381,-0.006099,-0.76474,-0.24955,-0.002992,0.0086983
6.84,-0.15487,-0.006259,-0.73724,-0.24916,-0.0029341,0.0087233
6.85,-0.19809,-0.006359,-0.70446,-0.24771,-0.0028637,0.0087483
6.86,-0.25153,-0.006399,-0.66945,-0.24476,-0.0027809,0.0087697
6.87,-0.28596,-0.006379,-0.63493,-0.23986,-0.0026862,0.0087947
6.88,-0.30092,-0.006299,-0.6026,-0.23252,-0.0025805,0.0088162
6.89,-0.31255,-0.006159,-0.57258,-0.22227,-0.0024645,0.0088412
6.9,-0.30638,-0.005959,-0.54327,-0.20876,-0.0023391,0.0088662
6.91,-0.27099,-0.005709,-0.51162,-0.19172,-0.0022048,0.0088912
6.92,-0.24913,-0.005399,-0.4738,-0.1711,-0.0020634,0.0089162
6.93,-0.22942,-0.005039,-0.42603,-0.14701,-0.0019152,0.0089447
6.94,-0.16695,-0.004629,-0.36544,-0.11978,-0.001762,0.0089697
6.95,-0.07005,-0.004169,-0.29076,-0.089963,-0.0016041,0.0089983
6.96,-0.010193,-0.003659,-0.20274,-0.058259,-0.001443,0.0090197
6.97,-0.014706,-0.003119,-0.10408,-0.025508,-0.0012802,0.0090412
6.98,-0.021828,-0.002529,0.00096379,0.0073816,-0.0011162,0.0090555
6.99,-0.0068646,-0.001919,0.1072,0.039499,-0.00095246,0.0090662
7,-0.047236,-0.001269,0.20936,0.069992,-0.0007906,0.0090733
7.01,-0.12038,-0.00059896,0.30281,0.098124,-0.00063192,0.0090733
7.02,-0.15149,8.8045e-05,0.38422,0.12332,-0.00047778,0.0090626
7.03,-0.16218,0.00079444,0.45185,0.14519,-0.00032981,0.0090483
7.04,-0.17714,0.001513,0.50566,0.16353,-0.0001891,0.0090269
7.05,-0.1902,0.002241,0.54703,0.17836,-5.6957e-05,0.0090019
7.06,-0.16644,0.002971,0.57839,0.18981,6.5186e-05,0.0089662
7.07,-0.10707,0.003691,0.60263,0.19821,0.0001759,0.0089305
7.08,-0.059801,0.004411,0.62254,0.20395,0.00027483,0.0088876
7.09,-0.011822,0.005121,0.64033,0.20748,0.00036054,0.0088447
7.1,0.033306,0.005811,0.6573,0.2093,0.00043197,0.0087983
7.11,0.031884,0.006481,0.67374,0.20987,0.00048911,0.0087555
7.12,0.014787,0.007131,0.68898,0.20964,0.0005309,0.0087126
7.13,-0.0011223,0.007741,0.70174,0.20896,0.00055661,0.0086697
7.14,-0.018456,0.008321,0.7105,0.20813,0.00056626,0.008634
7.15,-0.034365,0.008871,0.71392,0.20736,0.00055911,0.0086019
7.16,-0.037211,0.009371,0.71119,0.20678,0.0005359,0.0085769
7.17,-0.012982,0.009821,0.70223,0.20642,0.00049626,0.008559
7.18,0.038323,0.010221,0.68769,0.20624,0.00044054,0.0085447
7.19,0.096277,0.010581,0.66881,0.20614,0.00036947,0.0085412
7.2,0.16706,0.010872,0.6471,0.20596,0.0002834,0.0085447
7.21,0.22359,0.01111,0.62412,0.20549,0.0001834,0.0085519
7.22,0.27062,0.011288,0.60119,0.20448,7.0543e-05,0.0085697
7.23,0.3186,0.011405,0.5792,0.20268,-5.41e-05,0.0085947
7.24,0.34045,0.011459,0.55863,0.19981,-0.00018946,0.0086233
7.25,0.32953,0.011451,0.53947,0.19559,-0.00033378,0.008659
7.26,0.30199,0.011381,0.52133,0.18978,-0.00048606,0.0086983
7.27,0.264,0.011247,0.50341,0.18213,-0.00064478,0.0087447
7.28,0.22743,0.011053,0.48454,0.17247,-0.00080849,0.0087947
7.29,0.19917,0.010798,0.46318,0.16065,-0.00097589,0.0088519
7.3,0.2025,0.010481,0.4375,0.14661,-0.0011455,0.008909
7.31,0.16142,0.010111,0.40549,0.13033,-0.0013166,0.0089697
7.32,0.057644,0.009691,0.36514,0.1119,-0.0014877,0.0090376
7.33,-0.001487,0.009221,0.31479,0.091467,-0.0016573,0.0091055
7.34,0.021084,0.008701,0.25337,0.069255,-0.0018252,0.0091733
7.35,0.050303,0.008141,0.1807,0.045563,-0.0019895,0.0092483
7.36,0.065274,0.007531,0.097726,0.02075,-0.0021498,0.0093233
7.37,0.095919,0.006901,0.0065621,-0.0047751,-0.0023048,0.0093983
7.38,0.13844,0.006231,-0.089596,-0.03057,-0.0024541,0.0094769
7.39,0.14605,0.005531,-0.18678,-0.056176,-0.0025959,0.0095555
7.4,0.14297,0.004821,-0.28074,-0.081134,-0.0027302,0.0096376
7.41,0.15818,0.004091,-0.36749,-0.10501,-0.0028555,0.0097197
7.42,0.15011,0.003351,-0.44386,-0.1274,-0.0029716,0.0097983
7.43,0.11259,0.002601,-0.50798,-0.14798,-0.0030777,0.0098805
7.44,0.077453,0.001851,-0.55945,-0.16648,-0.003173,0.009959
7.45,0.066536,0.001109,-0.59936,-0.18274,-0.003257,0.010038
7.46,0.043507,0.00037804,-0.63002,-0.1967,-0.0033291,0.010113
7.47,0.017865,-0.00033896,-0.65446,-0.20838,-0.0033887,0.010184
7.48,0.006469,-0.001029,-0.67581,-0.21791,-0.0034359,0.010248
7.49,-0.0037332,-0.001699,-0.69668,-0.22552,-0.0034695,0.010313
7.5,-0.0027756,-0.002339,-0.71855,-0.23148,-0.0034895,0.01037
7.51,-0.0011042,-0.002929,-0.74144,-0.2361,-0.0034952,0.01042
7.52,-0.00014697,-0.003489,-0.76384,-0.2397,-0.0034866,0.010466
7.53,0.009126,-0.004009,-0.78306,-0.24257,-0.0034634,0.010505
7.54,0.0067526,-0.004469,-0.79587,-0.24494,-0.0034252,0.010538
7.55,-0.013902,-0.004879,-0.79927,-0.24695,-0.0033716,0.010566
7.56,-0.050709,-0.005239,-0.79137,-0.24862,-0.003303,0.010591
7.57,-0.11887,-0.005539,-0.77191,-0.24988,-0.0032191,0.010613
7.58,-0.17824,-0.005769,-0.74249,-0.25051,-0.0031209,0.010627
7.59,-0.22573,-0.005949,-0.70621,-0.25017,-0.0030077,0.010645
7.6,-0.29508,-0.006059,-0.66703,-0.24845,-0.0028809,0.010659
7.61,-0.33972,-0.006099,-0.62874,-0.24485,-0.0027412,0.010673
7.62,-0.34471,-0.006079,-0.59409,-0.23883,-0.0025891,0.010691
7.63,-0.35681,-0.005999,-0.56399,-0.22992,-0.0024266,0.010709
7.64,-0.34826,-0.005849,-0.53728,-0.21767,-0.0022541,0.010727
7.65,-0.30218,-0.005639,-0.51087,-0.2018,-0.0020737,0.010752
7.66,-0.28675,-0.005369,-0.48043,-0.18216,-0.0018866,0.010777
7.67,-0.27677,-0.005029,-0.44132,-0.15884,-0.0016948,0.010805
7.68,-0.21003,-0.004639,-0.38961,-0.13214,-0.0014991,0.010834
7.69,-0.082968,-0.004199,-0.32298,-0.10257,-0.0013016,0.010863
7.7,-0.0055437,-0.003709,-0.24125,-0.070828,-0.0011034,0.010888
7.71,-0.028105,-0.003159,-0.14655,-0.037758,-0.00090614,0.010913
7.72,-0.046156,-0.002579,-0.042956,-0.004291,-0.00071118,0.010934
7.73,-0.031196,-0.001949,0.064144,0.028626,-0.00052006,0.010948
7.74,-0.07181,-0.001299,0.16894,0.060096,-0.00033424,0.010959
7.75,-0.13523,-0.00060896,0.26611,0.089329,-0.00015517,0.010959
7.76,-0.14995,0.00011004,0.35158,0.11569,1.5543e-05,0.010955
7.77,-0.16421,0.00084604,0.42305,0.13874,0.00017697,0.010941
7.78,-0.18915,0.001598,0.48017,0.15822,0.00032733,0.010916
7.79,-0.19271,0.002361,0.52433,0.17409,0.00046554,0.010888
7.8,-0.17467,0.003131,0.55822,0.18646,0.0005909,0.010848
7.81,-0.13192,0.003901,0.58513,0.1956,0.00070233,0.010802
7.82,-0.078017,0.004661,0.6082,0.20189,0.0007984,0.010752
7.83,-0.024111,0.005421,0.62975,0.20579,0.00087876,0.010702
7.84,0.037158,0.006161,0.65086,0.20776,0.00094233,0.010645
7.85,0.047365,0.006881,0.67129,0.20831,0.00098876,0.010588
7.86,0.03002,0.007571,0.68966,0.20788,0.0010173,0.010534
7.87,0.01885,0.008241,0.70395,0.20689,0.0010273,0.010484
7.88,-0.0018213,0.008871,0.71216,0.20569,0.0010184,0.010438
7.89,-0.022015,0.009461,0.71288,0.20453,0.00099019,0.010395
7.9,-0.024161,0.010011,0.70572,0.2036,0.00094304,0.010359
7.91,-0.0070658,0.010511,0.69145,0.20299,0.00087661,0.01033
7.92,0.040896,0.010957,0.67174,0.2027,0.00079126,0.010309
7.93,0.10976,0.011351,0.64881,0.20264,0.00068769,0.010295
7.94,0.19217,0.011688,0.62482,0.20266,0.00056661,0.010291
7.95,0.26673,0.011966,0.60152,0.20252,0.00042911,0.010291
7.96,0.32301,0.012182,0.57989,0.20194,0.0002759,0.010298
7.97,0.37549,0.012334,0.56019,0.20061,0.00010876,0.010316
7.98,0.39186,0.012422,0.54204,0.19816,-7.1242e-05,0.010338
7.99,0.3586,0.012445,0.52472,0.19426,-0.0002616,0.010363
8,0.32249,0.012402,0.50734,0.18857,-0.00046135,0.010398
8.01,0.28306,0.012295,0.489,0.1808,-0.00066815,0.010434
8.02,0.23127,0.012123,0.46873,0.17073,-0.00088028,0.010477
8.03,0.21962,0.011888,0.44539,0.15821,-0.0010959,0.010523
8.04,0.23576,0.011593,0.4176,0.14318,-0.001313,0.010577
8.05,0.2063,0.011238,0.38368,0.12567,-0.0015298,0.01063
8.06,0.11461,0.010827,0.34184,0.10584,-0.0017452,0.010691
8.07,0.030525,0.010361,0.29039,0.083931,-0.001957,0.010755
8.08,0.039062,0.009851,0.22815,0.060264,-0.0021637,0.010823
8.09,0.07325,0.009281,0.1548,0.03525,-0.0023641,0.010898
8.1,0.082498,0.008681,0.071233,0.0093525,-0.0025573,0.010977
8.11,0.12144,0.008041,-0.020387,-0.016932,-0.002742,0.011059
8.12,0.15467,0.007361,-0.11668,-0.043094,-0.002917,0.011148
8.13,0.13328,0.006651,-0.21343,-0.068634,-0.0030809,0.011241
8.14,0.13683,0.005921,-0.30615,-0.093091,-0.0032334,0.011338
8.15,0.15914,0.005171,-0.39071,-0.11605,-0.003373,0.011438
8.16,0.15271,0.004411,-0.46397,-0.13719,-0.0034995,0.011538
8.17,0.12681,0.003631,-0.52422,-0.15624,-0.0036116,0.011641
8.18,0.095206,0.002861,-0.57139,-0.17305,-0.0037091,0.011748
8.19,0.063128,0.002091,-0.60698,-0.18756,-0.0037916,0.011852
8.2,0.046011,0.001323,-0.6337,-0.1998,-0.0038584,0.011952
8.21,0.01868,0.00057404,-0.65491,-0.20991,-0.0039091,0.012052
8.22,0.0025114,-0.00015496,-0.67396,-0.21809,-0.0039434,0.012145
8.23,0.0036829,-0.00085896,-0.69347,-0.2246,-0.0039609,0.012234
8.24,0.0093629,-0.001529,-0.71479,-0.22976,-0.0039612,0.01232
8.25,0.0026943,-0.002169,-0.73768,-0.23386,-0.0039441,0.012395
8.26,-0.0061159,-0.002759,-0.76033,-0.23723,-0.0039091,0.012466
8.27,-0.00091073,-0.003309,-0.77973,-0.24009,-0.0038566,0.01253
8.28,-0.010198,-0.003809,-0.79241,-0.24264,-0.0037859,0.012588
8.29,-0.033016,-0.004249,-0.79529,-0.24495,-0.0036973,0.012638
8.3,-0.079589,-0.004629,-0.7865,-0.247,-0.0035912,0.012684
8.31,-0.13851,-0.004959,-0.76594,-0.24864,-0.0034677,0.012723
8.32,-0.19007,-0.005219,-0.7354,-0.24958,-0.0033273,0.012759
8.33,-0.25019,-0.005409,-0.69811,-0.24945,-0.0031705,0.012795
8.34,-0.32574,-0.005529,-0.65807,-0.24776,-0.0029987,0.012827
8.35,-0.36543,-0.005589,-0.61893,-0.24397,-0.0028127,0.012855
8.36,-0.37543,-0.005569,-0.58313,-0.23753,-0.0026137,0.012888
8.37,-0.38234,-0.005489,-0.5512,-0.2279,-0.0024034,0.01292
8.38,-0.36717,-0.005329,-0.52155,-0.21464,-0.0021834,0.012952
8.39,-0.33252,-0.005109,-0.49081,-0.19746,-0.0019552,0.012988
8.4,-0.32662,-0.004819,-0.45455,-0.17625,-0.0017209,0.01302
8.41,-0.32166,-0.004469,-0.40832,-0.15113,-0.001482,0.013055
8.42,-0.28559,-0.004049,-0.34867,-0.12246,-0.0012409,0.013088
8.43,-0.16141,-0.003579,-0.27399,-0.090839,-0.00099867,0.013116
8.44,-0.034614,-0.003049,-0.185,-0.05707,-0.00075767,0.013145
8.45,-0.041772,-0.002469,-0.084671,-0.02211,-0.00051946,0.013166
8.46,-0.07458,-0.001839,0.022168,0.012997,-0.00028589,0.013184
8.47,-0.060839,-0.001169,0.12968,0.047196,-5.8385e-05,0.013191
8.48,-0.09626,-0.00045896,0.23194,0.079498,0.00016126,0.013191
8.49,-0.14403,0.00028004,0.32389,0.10904,0.00037126,0.013184
8.5,-0.1557,0.001051,0.40203,0.13517,0.00057019,0.013163
8.51,-0.15669,0.001841,0.46484,0.15742,0.00075626,0.013134
8.52,-0.17478,0.002661,0.51287,0.17558,0.0009284,0.013095
8.53,-0.19476,0.003481,0.54847,0.18967,0.0010852,0.013048
8.54,-0.17936,0.004321,0.57521,0.19991,0.0012252,0.012991
8.55,-0.13689,0.005151,0.59717,0.20668,0.0013473,0.012927
8.56,-0.091323,0.005981,0.61801,0.21047,0.0014505,0.012855
8.57,-0.04576,0.006811,0.6402,0.21186,0.0015338,0.012784
8.58,0.015952,0.007611,0.66449,0.21145,0.0015959,0.012709
8.59,0.044176,0.008401,0.68976,0.20982,0.0016366,0.012634
8.6,0.039626,0.009161,0.71336,0.2075,0.0016545,0.012563
8.61,0.018214,0.009891,0.73181,0.20496,0.0016495,0.012495
8.62,0.0013118,0.010591,0.74179,0.20257,0.0016205,0.01243
8.63,-0.0089361,0.011243,0.741,0.20061,0.001568,0.012377
8.64,-0.013013,0.01185,0.72888,0.19925,0.0014916,0.01233
8.65,0.0092745,0.012407,0.70672,0.19857,0.0013916,0.012291
8.66,0.05935,0.01291,0.67743,0.19853,0.001268,0.012263
8.67,0.12534,0.013355,0.64476,0.19901,0.001122,0.012245
8.68,0.20843,0.013739,0.61245,0.1998,0.00095447,0.012234
8.69,0.2908,0.014059,0.58344,0.20063,0.00076661,0.012234
8.7,0.35489,0.014312,0.55935,0.20113,0.00056054,0.012241
8.71,0.42017,0.014498,0.54037,0.20092,0.00033769,0.012255
8.72,0.43794,0.014613,0.52546,0.19958,0.00010019,0.01228
8.73,0.39801,0.014658,0.51282,0.19671,-0.00014946,0.012309
8.74,0.35665,0.014632,0.50038,0.19189,-0.00040906,0.012348
8.75,0.30365,0.014536,0.48611,0.1848,-0.00067587,0.012391
8.76,0.25208,0.014371,0.46828,0.17516,-0.00094742,0.012438
8.77,0.23613,0.014137,0.44545,0.1628,-0.0012212,0.012491
8.78,0.25225,0.013836,0.41639,0.14765,-0.0014948,0.012552
8.79,0.25982,0.013471,0.38004,0.12976,-0.0017655,0.012616
8.8,0.1788,0.013044,0.33557,0.10931,-0.0020316,0.012688
8.81,0.069515,0.012558,0.2825,0.086578,-0.0022912,0.012763
8.82,0.06711,0.012017,0.22085,0.061962,-0.0025423,0.012848
8.83,0.090829,0.011425,0.15136,0.035937,-0.002783,0.012938
8.84,0.0908,0.010785,0.075462,0.0090411,-0.003012,0.01303
8.85,0.14611,0.010101,-0.0047981,-0.018156,-0.003228,0.013134
8.86,0.18812,0.009381,-0.08701,-0.04508,-0.0034298,0.013241
8.87,0.15437,0.008631,-0.16872,-0.071183,-0.0036166,0.013355
8.88,0.12346,0.007841,-0.2477,-0.095968,-0.003787,0.013477
8.89,0.13341,0.007041,-0.32219,-0.11901,-0.0039402,0.013602
8.9,0.14336,0.006221,-0.39092,-0.13999,-0.0040755,0.01373
8.91,0.12006,0.005381,-0.45303,-0.15867,-0.0041923,0.013859
8.92,0.088926,0.004551,-0.50811,-0.17494,-0.0042912,0.013991
8.93,0.066578,0.003711,-0.55608,-0.18879,-0.0043698,0.014123
8.94,0.049455,0.002881,-0.59734,-0.20032,-0.004427,0.014252
8.95,0.027345,0.002061,-0.63277,-0.2097,-0.0044627,0.014377
8.96,0.0071367,0.001257,-0.66358,-0.21719,-0.0044805,0.014498
8.97,0.015903,0.00048104,-0.6911,-0.22309,-0.004477,0.014613
8.98,0.025383,-0.00026896,-0.71629,-0.22772,-0.004452,0.01472
8.99,0.0092144,-0.00097896,-0.73941,-0.23143,-0.0044055,0.01482
9,-0.0010199,-0.001639,-0.75974,-0.23449,-0.0043341,0.014909
9.01,-0.0086375,-0.002269,-0.77561,-0.23717,-0.0042452,0.014991
9.02,-0.024325,-0.002839,-0.78477,-0.23962,-0.0041337,0.015063
9.03,-0.057354,-0.003349,-0.785,-0.24191,-0.0040009,0.015127
9.04,-0.11532,-0.003809,-0.7748,-0.244,-0.0038477,0.01518
9.05,-0.16948,-0.004199,-0.75395,-0.24572,-0.0036741,0.01523
9.06,-0.22246,-0.004519,-0.72378,-0.2468,-0.0034816,0.015273
9.07,-0.27449,-0.004779,-0.68701,-0.24684,-0.0032705,0.015309
9.08,-0.34313,-0.004959,-0.64721,-0.24537,-0.003043,0.015341
9.09,-0.40537,-0.005069,-0.60792,-0.24184,-0.0027995,0.015373
9.1,-0.39612,-0.005099,-0.57176,-0.23569,-0.0025423,0.015398
9.11,-0.38972,-0.005059,-0.53965,-0.22641,-0.0022734,0.015427
9.12,-0.39875,-0.004939,-0.51043,-0.21355,-0.0019948,0.015452
9.13,-0.35767,-0.004749,-0.4809,-0.1968,-0.0017084,0.015477
9.14,-0.33796,-0.004479,-0.44642,-0.17605,-0.001417,0.015502
9.15,-0.36196,-0.004149,-0.40184,-0.1514,-0.0011227,0.015527
9.16,-0.35555,-0.003739,-0.3427,-0.12318,-0.00082771,0.015548
9.17,-0.24797,-0.003269,-0.2663,-0.091972,-0.00053446,0.015566
9.18,-0.088369,-0.002729,-0.17262,-0.058543,-0.00024517,0.015584
9.19,-0.064146,-0.002139,-0.064633,-0.023826,3.84e-05,0.015595
9.2,-0.10333,-0.001499,0.051943,0.011155,0.0003134,0.015598
9.21,-0.076257,-0.00079896,0.16947,0.045358,0.00057876,0.015598
9.22,-0.11093,-5.5955e-05,0.27966,0.077796,0.00083161,0.015588
9.23,-0.18978,0.00072564,0.37509,0.10761,0.0010709,0.01557
9.24,-0.18954,0.001543,0.45054,0.13411,0.0012945,0.015545
9.25,-0.16697,0.002391,0.50401,0.15683,0.0015005,0.015509
9.26,-0.1881,0.003261,0.53704,0.17552,0.0016873,0.015463
9.27,-0.19759,0.004151,0.55433,0.19017,0.0018541,0.015409
9.28,-0.17288,0.005051,0.56264,0.20095,0.0019991,0.015352
9.29,-0.14698,0.005961,0.56929,0.2082,0.0021213,0.015284
9.3,-0.10897,0.006871,0.58049,0.2124,0.0022195,0.015216
9.31,-0.067627,0.007771,0.59997,0.21408,0.0022927,0.015145
9.32,-0.017499,0.008661,0.62824,0.21381,0.0023398,0.015073
9.33,0.029069,0.009531,0.66257,0.21216,0.0023605,0.015002
9.34,0.040964,0.010381,0.6979,0.20967,0.0023538,0.014938
9.35,0.029348,0.011193,0.72807,0.20679,0.0023195,0.014877
9.36,0.030558,0.011973,0.74743,0.20393,0.002257,0.014823
9.37,0.021321,0.012711,0.75214,0.20139,0.0021663,0.01478
9.38,0.015173,0.013402,0.74104,0.19938,0.0020473,0.014745
9.39,0.053914,0.014041,0.71582,0.19803,0.0019005,0.01472
9.4,0.099069,0.014623,0.68054,0.19736,0.0017266,0.014705
9.41,0.15254,0.015144,0.64056,0.1973,0.0015263,0.014702
9.42,0.23,0.0156,0.60129,0.19767,0.0013009,0.014705
9.43,0.29606,0.015987,0.56706,0.19822,0.0010527,0.01472
9.44,0.36569,0.016304,0.54028,0.19862,0.00078269,0.014741
9.45,0.45123,0.016546,0.52125,0.19846,0.00049411,0.01477
9.46,0.46861,0.016713,0.50838,0.19733,0.00018911,0.014805
9.47,0.43089,0.016803,0.49893,0.19476,-0.0001291,0.014848
9.48,0.38201,0.016817,0.48971,0.19032,-0.00045778,0.014898
9.49,0.33409,0.016752,0.47782,0.18363,-0.00079346,0.014952
9.5,0.28189,0.016611,0.46105,0.17438,-0.001133,0.015009
9.51,0.26033,0.016395,0.43797,0.16234,-0.0014734,0.015073
9.52,0.27962,0.016104,0.40782,0.14744,-0.0018112,0.015141
9.53,0.30438,0.015742,0.37025,0.12971,-0.0021441,0.015216
9.54,0.24245,0.015312,0.32506,0.10932,-0.0024691,0.015295
9.55,0.1297,0.014816,0.2721,0.086574,-0.0027841,0.01538
9.56,0.097222,0.014258,0.2113,0.061887,-0.0030862,0.015473
9.57,0.11249,0.013643,0.14284,0.035764,-0.0033745,0.01557
9.58,0.099016,0.012975,0.067342,0.0087733,-0.0036466,0.015677
9.59,0.15989,0.012259,-0.013913,-0.018483,-0.0039012,0.015791
9.6,0.21767,0.011499,-0.098916,-0.045405,-0.004137,0.015913
9.61,0.18259,0.010701,-0.18502,-0.071425,-0.004352,0.016041
9.62,0.14799,0.009871,-0.26918,-0.096036,-0.0045484,0.016177
9.63,0.1293,0.009021,-0.34835,-0.11882,-0.0047198,0.01632
9.64,0.11822,0.008141,-0.41985,-0.13946,-0.0048698,0.016466
9.65,0.11379,0.007251,-0.4818,-0.15774,-0.0049984,0.01662
9.66,0.088693,0.006361,-0.53337,-0.17359,-0.005102,0.016773
9.67,0.062889,0.005461,-0.57491,-0.18703,-0.0051805,0.016927
9.68,0.055848,0.004571,-0.60787,-0.19817,-0.0052377,0.01708
9.69,0.033134,0.003691,-0.63451,-0.20722,-0.0052662,0.017227
9.7,0.020871,0.002821,-0.65744,-0.21446,-0.0052698,0.01737
9.71,0.019534,0.001991,-0.67899,-0.22018,-0.0052484,0.017505
9.72,0.021049,0.001181,-0.70067,-0.2247,-0.0051984,0.017634
9.73,0.017815,0.00041004,-0.72274,-0.22834,-0.0051234,0.017752
9.74,0.0012775,-0.00031896,-0.74404,-0.23136,-0.0050234,0.017859
9.75,-0.0026594,-0.00099896,-0.76222,-0.23398,-0.0048948,0.017959
9.76,-0.021094,-0.001619,-0.77429,-0.23635,-0.0047412,0.018045
9.77,-0.065886,-0.002189,-0.77737,-0.23851,-0.0045627,0.01812
9.78,-0.12303,-0.002699,-0.7695,-0.24042,-0.0043591,0.018184
9.79,-0.18468,-0.003129,-0.75029,-0.24193,-0.0041298,0.018241
9.8,-0.24348,-0.003499,-0.72105,-0.24277,-0.0038787,0.018291
9.81,-0.29635,-0.003789,-0.68465,-0.24259,-0.0036066,0.018334
9.82,-0.37534,-0.004009,-0.64479,-0.24093,-0.0033145,0.018373
9.83,-0.41538,-0.004139,-0.60512,-0.23732,-0.0030048,0.018405
9.84,-0.40031,-0.004199,-0.56827,-0.23122,-0.0026798,0.018438
9.85,-0.40639,-0.004179,-0.53511,-0.22214,-0.002342,0.018466
9.86,-0.3975,-0.004069,-0.50442,-0.20965,-0.0019937,0.018495
9.87,-0.35679,-0.003889,-0.47303,-0.19346,-0.0016384,0.018523
9.88,-0.35787,-0.003629,-0.43641,-0.17342,-0.001278,0.018548
9.89,-0.37939,-0.003289,-0.38968,-0.1496,-0.00091614,0.01857
9.9,-0.40137,-0.002879,-0.32866,-0.12228,-0.00055539,0.018591
9.91,-0.35472,-0.002389,-0.25099,-0.091974,-0.00019874,0.018609
9.92,-0.19526,-0.001839,-0.15683,-0.059383,0.00015126,0.01862
9.93,-0.10633,-0.001229,-0.049188,-0.025372,0.00049197,0.018627
9.94,-0.11573,-0.00054896,0.066339,0.009097,0.0008209,0.018627
9.95,-0.098289,0.00018004,0.18234,0.043026,0.0011352,0.018616
9.96,-0.13001,0.00095804,0.29081,0.075458,0.0014327,0.018598
9.97,-0.19428,0.001781,0.38453,0.10553,0.0017113,0.01857
9.98,-0.20581,0.002641,0.45844,0.13256,0.0019691,0.01853
9.99,-0.20215,0.003531,0.51063,0.15602,0.0022041,0.01848
10,-0.19303,0.004451,0.54273,0.17562,0.0024148,0.018423
10.01,-0.17559,0.005401,0.55951,0.19127,0.0025995,0.018355
10.02,-0.16029,0.006351,0.5678,0.2031,0.002757,0.01828
10.03,-0.1229,0.007311,0.57489,0.21136,0.0028873,0.018198
10.04,-0.085757,0.008281,0.58686,0.21646,0.0029873,0.018113
10.05,-0.069272,0.009241,0.60721,0.21888,0.0030552,0.018023
10.06,-0.025476,0.010181,0.63626,0.21915,0.0030945,0.01793
10.07,0.02972,0.011115,0.6712,0.21779,0.003098,0.017845
10.08,0.029577,0.012021,0.70696,0.21532,0.003073,0.017759
10.09,0.026584,0.012898,0.73749,0.21218,0.0030159,0.01768
10.1,0.044964,0.013738,0.75724,0.20878,0.002923,0.017613
10.11,0.042444,0.014537,0.76241,0.20545,0.0027977,0.017552
10.12,0.051797,0.015289,0.75176,0.20242,0.0026398,0.017498
10.13,0.086087,0.01599,0.72677,0.19988,0.0024495,0.017459
10.14,0.12536,0.016633,0.69127,0.19791,0.0022273,0.01743
10.15,0.18886,0.017215,0.65041,0.19652,0.0019741,0.017409
10.16,0.26305,0.017732,0.60951,0.19563,0.0016916,0.017402
10.17,0.33154,0.018179,0.57294,0.19507,0.001382,0.017402
10.18,0.40263,0.018554,0.54329,0.19461,0.0010466,0.017413
10.19,0.47397,0.018854,0.52115,0.19395,0.00068911,0.01743
10.2,0.49044,0.019076,0.50528,0.1927,0.00031197,0.017455
10.21,0.45275,0.019219,0.4932,0.19047,-8.1242e-05,0.017488
10.22,0.41151,0.019283,0.48196,0.18683,-0.00048621,0.017527
10.23,0.36408,0.019265,0.4688,0.18137,-0.00089953,0.017573
10.24,0.31025,0.019168,0.45159,0.17372,-0.001317,0.017627
10.25,0.28491,0.01899,0.42897,0.16357,-0.0017345,0.017684
10.26,0.30255,0.018735,0.40023,0.15071,-0.002148,0.017748
10.27,0.33991,0.018403,0.36505,0.13502,-0.0025537,0.01782
10.28,0.31623,0.017997,0.32332,0.11654,-0.0029487,0.017898
10.29,0.21607,0.017521,0.27496,0.095401,-0.0033287,0.017984
10.3,0.13989,0.016977,0.21995,0.071897,-0.0036916,0.01808
10.31,0.13497,0.016369,0.1585,0.046428,-0.0040345,0.018184
10.32,0.12101,0.015702,0.091152,0.019498,-0.0043555,0.018295
10.33,0.16121,0.014981,0.018897,-0.0083102,-0.004652,0.01842
10.34,0.24581,0.01421,-0.056833,-0.036365,-0.0049234,0.018552
10.35,0.23256,0.013395,-0.13427,-0.06402,-0.0051662,0.018691
10.36,0.16753,0.012541,-0.21151,-0.090649,-0.0053841,0.018845
10.37,0.14644,0.011654,-0.2866,-0.11568,-0.0055698,0.019002
10.38,0.13794,0.010741,-0.3578,-0.13863,-0.005727,0.019166
10.39,0.11589,0.009811,-0.42355,-0.15911,-0.0058555,0.019338
10.4,0.0898,0.008861,-0.48268,-0.17688,-0.0059555,0.019509
10.41,0.070597,0.007901,-0.53449,-0.19182,-0.0060234,0.019684
10.42,0.054477,0.006951,-0.57887,-0.20396,-0.0060591,0.019855
10.43,0.037642,0.006001,-0.61635,-0.21345,-0.0060662,0.020023
10.44,0.018429,0.005071,-0.64796,-0.22054,-0.0060412,0.020188
10.45,0.010375,0.004161,-0.67502,-0.22559,-0.0059841,0.020341
10.46,0.025116,0.003271,-0.69869,-0.22899,-0.0058984,0.020488
10.47,0.021567,0.002421,-0.71962,-0.23115,-0.005777,0.020623
10.48,0.0047151,0.001615,-0.73765,-0.23249,-0.0056305,0.020745
10.49,0.0061426,0.00085404,-0.75174,-0.23336,-0.0054484,0.020855
10.5,-0.0066757,0.00014704,-0.76021,-0.23404,-0.0052377,0.020955
10.51,-0.04729,-0.00049896,-0.76121,-0.23469,-0.0049984,0.021041
10.52,-0.11546,-0.001089,-0.75332,-0.23537,-0.0047305,0.02112
10.53,-0.18244,-0.001599,-0.73611,-0.23599,-0.0044341,0.021184
10.54,-0.24895,-0.002039,-0.71039,-0.23632,-0.0041112,0.021241
10.55,-0.31262,-0.002399,-0.67823,-0.23602,-0.0037659,0.021291
10.56,-0.38983,-0.002689,-0.64243,-0.23462,-0.0033995,0.021338
10.57,-0.44329,-0.002889,-0.60588,-0.23159,-0.0030148,0.02138
10.58,-0.43144,-0.002999,-0.57071,-0.22636,-0.0026145,0.02142
10.59,-0.41366,-0.003029,-0.53764,-0.21838,-0.0022023,0.021459
10.6,-0.41038,-0.002979,-0.50559,-0.20715,-0.0017816,0.021495
10.61,-0.37527,-0.002829,-0.47177,-0.19231,-0.0013559,0.02153
10.62,-0.34942,-0.002609,-0.43215,-0.17366,-0.00092914,0.021566
10.63,-0.38438,-0.002299,-0.38233,-0.15123,-0.00050489,0.021598
10.64,-0.42529,-0.001909,-0.31856,-0.12524,-8.66e-05,0.02163
10.65,-0.40848,-0.001439,-0.23873,-0.096189,0.00032197,0.021655
10.66,-0.30333,-0.00089896,-0.14311,-0.064741,0.00071769,0.021677
10.67,-0.18274,-0.00028896,-0.034705,-0.031747,0.001098,0.021691
10.68,-0.14196,0.00038404,0.080971,0.0018385,0.0014595,0.021695
10.69,-0.12089,0.001118,0.19666,0.035026,0.0018002,0.021691
10.7,-0.12524,0.001911,0.30451,0.066859,0.002118,0.021673
10.71,-0.20204,0.002741,0.39749,0.096484,0.0024105,0.021648
10.72,-0.23537,0.003621,0.47073,0.1232,0.0026766,0.021609
10.73,-0.20506,0.004531,0.52242,0.14652,0.0029159,0.021555
10.74,-0.21749,0.005481,0.55423,0.16613,0.003123,0.021491
10.75,-0.21284,0.006441,0.57088,0.18197,0.0033052,0.021416
10.76,-0.16448,0.007431,0.57905,0.19415,0.0034552,0.02133
10.77,-0.13252,0.008421,0.58586,0.20294,0.003573,0.021238
10.78,-0.11125,0.009411,0.59723,0.20875,0.0036659,0.021138
10.79,-0.073352,0.010401,0.61659,0.21206,0.0037266,0.02103
10.8,-0.036173,0.011381,0.64419,0.21337,0.0037588,0.020923
10.81,0.02333,0.012342,0.6772,0.2132,0.0037623,0.020816
10.82,0.039842,0.013281,0.71059,0.21203,0.0037373,0.020713
10.83,0.030938,0.01419,0.73839,0.21027,0.0036873,0.020613
10.84,0.04982,0.015064,0.75526,0.20827,0.0036088,0.020516
10.85,0.06205,0.015898,0.75772,0.20631,0.0035088,0.02043
10.86,0.059554,0.016688,0.74501,0.20456,0.0033838,0.020352
10.87,0.097193,0.017428,0.71918,0.20314,0.0032338,0.02028
10.88,0.1429,0.018116,0.68452,0.20206,0.0030659,0.02022
10.89,0.19503,0.018746,0.64649,0.20129,0.0028795,0.020166
10.9,0.24929,0.019317,0.61041,0.20072,0.0026745,0.02012
10.91,0.30687,0.019827,0.58027,0.20019,0.0024545,0.020084
10.92,0.34545,0.020273,0.55802,0.19951,0.002222,0.020059
10.93,0.35363,0.020654,0.5434,0.19844,0.0019795,0.020038
10.94,0.34946,0.02097,0.5344,0.19676,0.0017295,0.020023
10.95,0.327,0.02122,0.52813,0.19423,0.0014748,0.020016
10.96,0.30074,0.021406,0.52179,0.19065,0.0012188,0.020016
10.97,0.29443,0.021529,0.51354,0.18587,0.00096411,0.020027
10.98,0.28694,0.021589,0.50285,0.17977,0.0007134,0.020041
10.99,0.27208,0.02159,0.49045,0.17233,0.00046911,0.020063
11,0.2527,0.021534,0.47779,0.16356,0.00023376,0.020095
11.01,0.18251,0.021423,0.4663,0.15357,9.829e-06,0.020134
11.02,0.037259,0.021261,0.45662,0.14248,-0.0002016,0.020184
11.03,-0.074263,0.021051,0.44809,0.1305,-0.00039892,0.020245
11.04,-0.10503,0.020798,0.43873,0.11784,-0.00058103,0.02032
11.05,-0.11087,0.020504,0.4256,0.10471,-0.00074731,0.020405
11.06,-0.10934,0.020173,0.40559,0.091334,-0.00089746,0.020509
11.07,-0.091655,0.019809,0.37632,0.077896,-0.0010314,0.020627
11.08,-0.06186,0.019416,0.33693,0.064556,-0.0011495,0.020755
11.09,-0.016626,0.018998,0.2884,0.051435,-0.001252,0.020902
11.1,0.011034,0.018558,0.23341,0.038609,-0.0013398,0.021063
11.11,0.026346,0.018099,0.1757,0.026115,-0.0014141,0.021234
11.12,0.019809,0.017626,0.11914,0.013955,-0.0014755,0.02142
11.13,0.020637,0.017142,0.066873,0.0020982,-0.0015252,0.021609
11.14,0.030966,0.016651,0.02067,-0.0095004,-0.0015641,0.021809
11.15,0.033459,0.016155,-0.019277,-0.020895,-0.0015934,0.022009
11.16,0.029781,0.015659,-0.054108,-0.032134,-0.0016137,0.022209
11.17,0.027053,0.015165,-0.085743,-0.043249,-0.0016262,0.022405
11.18,0.017679,0.014677,-0.11621,-0.054246,-0.001632,0.022595
11.19,0.011394,0.014197,-0.14706,-0.065098,-0.0016312,0.022777
11.2,0.016511,0.013729,-0.17902,-0.075745,-0.0016252,0.022948
11.21,0.030181,0.013275,-0.21194,-0.086096,-0.0016145,0.023105
11.22,0.034829,0.012837,-0.24501,-0.096035,-0.0015995,0.023248
11.23,0.028316,0.012418,-0.27706,-0.10543,-0.0015816,0.023373
11.24,0.012544,0.01202,-0.30693,-0.11416,-0.0015612,0.023484
11.25,-0.0077412,0.011644,-0.33374,-0.1221,-0.0015387,0.023577
11.26,-0.020417,0.011292,-0.35702,-0.12916,-0.0015152,0.023659
11.27,-0.026917,0.010965,-0.37668,-0.13526,-0.0014905,0.023723
11.28,-0.021065,0.010661,-0.39294,-0.1404,-0.0014659,0.023777
11.29,-0.017348,0.010391,-0.4062,-0.14458,-0.0014412,0.02382
11.3,-0.010298,0.010141,-0.41689,-0.14787,-0.0014173,0.023855
11.31,-0.017503,0.009921,-0.42545,-0.15036,-0.0013945,0.023884
11.32,-0.036576,0.009731,-0.43221,-0.15215,-0.001373,0.023905
11.33,-0.047333,0.009561,-0.43746,-0.15337,-0.001353,0.023927
11.34,-0.038137,0.009431,-0.44136,-0.15413,-0.0013352,0.023945
11.35,-0.010886,0.009311,-0.44395,-0.15451,-0.0013195,0.023963
11.36,0.016603,0.009221,-0.44517,-0.15457,-0.0013055,0.02398
11.37,0.053359,0.009161,-0.44483,-0.15431,-0.0012937,0.023995
11.38,0.079669,0.009121,-0.44263,-0.15368,-0.0012837,0.024009
11.39,0.089356,0.009101,-0.43821,-0.15259,-0.0012755,0.024023
11.4,0.090973,0.009101,-0.43115,-0.15086,-0.0012684,0.02403
11.41,0.068367,0.009131,-0.42104,-0.14832,-0.0012627,0.024034
11.42,0.028665,0.009171,-0.40745,-0.14474,-0.001257,0.024034
11.43,-0.017921,0.009231,-0.39008,-0.13991,-0.001252,0.024027
11.44,-0.050016,0.009321,-0.36869,-0.13366,-0.0012462,0.024013
11.45,-0.071657,0.009421,-0.34324,-0.12585,-0.0012402,0.023988
11.46,-0.081658,0.009531,-0.31382,-0.11643,-0.001233,0.023955
11.47,-0.075744,0.009661,-0.28067,-0.10542,-0.0012245,0.023916
11.48,-0.0608,0.009811,-0.24414,-0.092956,-0.0012141,0.023866
11.49,-0.034453,0.009971,-0.20464,-0.079241,-0.001202,0.023813
11.5,-0.0043024,0.010141,-0.16269,-0.064575,-0.0011877,0.023752
11.51,0.035589,0.010321,-0.11888,-0.049309,-0.001172,0.023688
11.52,0.059095,0.010511,-0.07394,-0.03383,-0.0011548,0.023623
11.53,0.056242,0.010701,-0.028728,-0.018526,-0.0011362,0.023559
11.54,0.026793,0.010905,0.015812,-0.0037612,-0.0011173,0.023498
11.55,-0.0012287,0.011109,0.058727,0.010153,-0.0010977,0.023445
11.56,-0.022358,0.011315,0.099156,0.022979,-0.0010784,0.023398
11.57,-0.031372,0.011521,0.13642,0.034564,-0.0010598,0.023363
11.58,-0.023759,0.011725,0.1701,0.044848,-0.0010421,0.023334
11.59,-0.0075914,0.011925,0.20001,0.053862,-0.0010258,0.023316
11.6,0.003118,0.012121,0.22626,0.061711,-0.0010111,0.023305
11.61,-0.00065962,0.012311,0.24921,0.068558,-0.00099824,0.023305
11.62,-0.0020644,0.012493,0.2694,0.074601,-0.00098739,0.023313
11.63,-0.012486,0.012666,0.28753,0.080045,-0.00097867,0.023323
11.64,-0.028129,0.01283,0.30431,0.085078,-0.00097214,0.023338
11.65,-0.044483,0.012983,0.32036,0.089846,-0.00096778,0.023352
11.66,-0.052996,0.013126,0.33605,0.094436,-0.0009656,0.023363
11.67,-0.04797,0.013257,0.35146,0.098867,-0.0009656,0.023373
11.68,-0.036529,0.013375,0.36635,0.10309,-0.00096771,0.023377
11.69,-0.017722,0.013481,0.38025,0.107,-0.00097181,0.023373
11.7,-0.0065142,0.013573,0.39252,0.11043,-0.00097789,0.023366
11.71,-0.00052533,0.013653,0.40245,0.11319,-0.00098571,0.023348
11.72,-0.0068841,0.013718,0.40938,0.11508,-0.00099517,0.02333
11.73,-0.017997,0.01377,0.41274,0.11594,-0.0010061,0.023302
11.74,-0.027679,0.013808,0.4121,0.1156,-0.0010182,0.023273
11.75,-0.026433,0.013832,0.40725,0.11396,-0.0010313,0.023245
11.76,-0.0090372,0.013842,0.39816,0.11099,-0.0010452,0.023213
11.77,0.0074137,0.013839,0.38498,0.10669,-0.0010595,0.023188
11.78,0.013178,0.013822,0.36803,0.10115,-0.0010741,0.023163
11.79,0.0075432,0.013793,0.34767,0.094473,-0.0010887,0.023145
11.8,0.0059517,0.013751,0.32431,0.086836,-0.001103,0.023138
11.81,0.001981,0.013698,0.29836,0.078419,-0.001117,0.023134
11.82,-8.8152e-05,0.013633,0.2702,0.069417,-0.0011298,0.023141
11.83,-0.0097557,0.013558,0.2403,0.060022,-0.001142,0.023159
11.84,-0.018466,0.013474,0.2092,0.050413,-0.001153,0.023184
11.85,-0.027652,0.013382,0.17753,0.040746,-0.001163,0.023213
11.86,-0.04325,0.013283,0.14604,0.031147,-0.001172,0.023252
11.87,-0.04246,0.013178,0.11544,0.021716,-0.0011795,0.023291
11.88,-0.032643,0.013069,0.086332,0.012522,-0.0011862,0.023334
11.89,-0.028525,0.012956,0.059099,0.0036101,-0.0011912,0.023373
11.9,-0.015618,0.012842,0.033824,-0.004993,-0.0011955,0.023413
11.91,0.0025133,0.012727,0.010296,-0.013274,-0.0011987,0.023448
11.92,0.021598,0.012614,-0.011924,-0.021225,-0.0012009,0.023477
11.93,0.026433,0.012502,-0.033379,-0.028838,-0.001202,0.023502
11.94,0.025806,0.012394,-0.054574,-0.036098,-0.0012023,0.02352
11.95,0.017342,0.01229,-0.075844,-0.042979,-0.0012023,0.02353
11.96,0.015291,0.012192,-0.097263,-0.049444,-0.0012016,0.023538
11.97,0.0087291,0.012101,-0.1186,-0.055436,-0.0012005,0.023538
11.98,0.0043063,0.012017,-0.13934,-0.060885,-0.0011995,0.023534
11.99,0.005585,0.011941,-0.15873,-0.065706,-0.0011977,0.02353
12,0.0016342,0.011874,-0.17587,-0.069798,-0.0011959,0.023523
12.01,-0.00065218,0.011816,-0.18986,-0.073053,-0.0011941,0.02352
12.02,0.0030037,0.011768,-0.19984,-0.07536,-0.001192,0.023516
12.03,0.0099779,0.011729,-0.20517,-0.076611,-0.0011898,0.023516
12.04,0.014105,0.0117,-0.20543,-0.076711,-0.0011877,0.02352
12.05,0.010396,0.01168,-0.20049,-0.075589,-0.0011855,0.02353
12.06,-0.0078045,0.011669,-0.19049,-0.073206,-0.0011834,0.023541
12.07,-0.02196,0.011668,-0.17582,-0.069564,-0.0011812,0.023559
12.08,-0.027332,0.011674,-0.15708,-0.064713,-0.0011791,0.02358
12.09,-0.022729,0.011688,-0.13502,-0.058754,-0.001177,0.023605
12.1,-0.013138,0.011709,-0.1105,-0.051839,-0.0011752,0.02363
12.11,-0.010436,0.011737,-0.084443,-0.044163,-0.0011737,0.023655
12.12,0.0027183,0.01177,-0.057766,-0.035952,-0.0011723,0.023677
12.13,0.011832,0.011809,-0.031328,-0.027451,-0.0011716,0.023698
12.14,0.026408,0.011852,-0.0058542,-0.018904,-0.0011709,0.023713
12.15,0.031961,0.011899,0.018123,-0.010538,-0.0011702,0.02372
12.16,0.033474,0.011949,0.040298,-0.0025448,-0.0011702,0.023723
12.17,0.016937,0.012002,0.060587,0.0049269,-0.0011702,0.02372
12.18,-0.00031309,0.012056,0.079091,0.011782,-0.0011702,0.023705
12.19,-0.012576,0.012112,0.096025,0.01798,-0.0011702,0.023688
12.2,-0.011065,0.012168,0.11165,0.023525,-0.0011698,0.023663
12.21,-0.0093158,0.012224,0.12618,0.028461,-0.0011698,0.023634
12.22,-0.015644,0.012278,0.1398,0.032856,-0.0011695,0.023602
12.23,-0.016034,0.012332,0.15258,0.036785,-0.0011687,0.023566
12.24,-0.012388,0.012383,0.16454,0.040316,-0.001168,0.02353
12.25,-0.0028039,0.012431,0.17564,0.043499,-0.0011673,0.023498
12.26,0.003928,0.012475,0.18579,0.046351,-0.0011666,0.02347
12.27,-0.0012209,0.012516,0.19487,0.048858,-0.0011662,0.023445
12.28,-0.0096867,0.012551,0.20269,0.050973,-0.0011662,0.023427
12.29,-0.020295,0.012582,0.209,0.052619,-0.0011666,0.023416
12.3,-0.021404,0.012607,0.21349,0.053703,-0.0011677,0.023413
12.31,-0.022515,0.012627,0.21575,0.054123,-0.0011698,0.023416
12.32,-0.016739,0.012641,0.21541,0.053787,-0.0011727,0.023427
12.33,-0.010726,0.012649,0.21211,0.05262,-0.0011762,0.023441
12.34,-0.0025805,0.012652,0.20568,0.05058,-0.0011805,0.023463
12.35,0.0062825,0.01265,0.19613,0.047661,-0.0011852,0.023488
12.36,0.017755,0.012643,0.18372,0.0439,-0.0011902,0.023513
12.37,0.018539,0.012632,0.16887,0.039375,-0.0011952,0.023541
12.38,0.014334,0.012616,0.1521,0.034196,-0.0012002,0.023566
12.39,0.0082229,0.012597,0.13395,0.028507,-0.0012052,0.023588
12.4,0.00426,0.012576,0.1149,0.022464,-0.0012095,0.023605
12.41,0.0074059,0.012552,0.095343,0.016233,-0.0012127,0.02362
12.42,-0.0020294,0.012526,0.075637,0.009977,-0.0012155,0.023627
12.43,-0.009562,0.0125,0.056131,0.003847,-0.001217,0.02363
12.44,-0.0152,0.012472,0.037214,-0.0020246,-0.0012177,0.023627
12.45,-0.013714,0.012444,0.019343,-0.0075272,-0.001217,0.02362
12.46,-0.0043936,0.012416,0.0030166,-0.012574,-0.0012155,0.023613
12.47,-0.00053536,0.012389,-0.011273,-0.017102,-0.0012127,0.023602
12.48,-0.00047847,0.012362,-0.023121,-0.021067,-0.0012091,0.023591
12.49,-0.0027929,0.012336,-0.032294,-0.024447,-0.0012045,0.02358
12.5,-0.0027387,0.012311,-0.038778,-0.02723,-0.0011995,0.023577
12.51,-0.0010258,0.012288,-0.042796,-0.029419,-0.0011937,0.023573
12.52,-0.0019242,0.012266,-0.044761,-0.031024,-0.0011877,0.023577
12.53,-0.00021405,0.012245,-0.045189,-0.032061,-0.0011809,0.023584
12.54,0.0017348,0.012227,-0.044577,-0.03255,-0.0011741,0.023598
12.55,0.0065322,0.01221,-0.043292,-0.03251,-0.0011666,0.023616
12.56,0.0099084,0.012195,-0.041484,-0.031964,-0.0011591,0.023641
12.57,0.018262,0.012182,-0.039056,-0.030929,-0.0011512,0.02367
12.58,0.01403,0.012172,-0.035707,-0.029423,-0.0011427,0.023698
12.59,0.013359,0.012163,-0.031037,-0.027461,-0.0011337,0.023727
12.6,0.0041381,0.012158,-0.024691,-0.025058,-0.0011248,0.023759
12.61,-0.00033158,0.012155,-0.01651,-0.022229,-0.0011148,0.023784
12.62,-0.0019637,0.012154,-0.0066208,-0.018996,-0.0011048,0.023802
12.63,-0.0097611,0.012157,0.0045438,-0.015387,-0.0010937,0.023816
12.64,-0.0037919,0.012161,0.016332,-0.011447,-0.0010827,0.023827
12.65,0.006462,0.012169,0.028023,-0.0072345,-0.0010709,0.023823
12.66,0.011005,0.012178,0.039014,-0.0028264,-0.0010587,0.023816
12.67,0.0098457,0.012189,0.048964,0.0016819,-0.0010466,0.023802
12.68,0.0067856,0.012202,0.057872,0.0061803,-0.0010346,0.023777
12.69,0.0032552,0.012216,0.066044,0.010549,-0.001023,0.023752
12.7,-0.0045586,0.012231,0.073965,0.014665,-0.0010119,0.02372
12.71,-0.0047627,0.012247,0.082111,0.018414,-0.0010017,0.023688
12.72,-0.005218,0.012262,0.090765,0.021693,-0.0009926,0.023655
12.73,-0.0037647,0.012277,0.099887,0.024426,-0.00098478,0.023623
12.74,-0.0042226,0.012291,0.10908,0.026563,-0.00097835,0.023598
12.75,-0.0032518,0.012304,0.11765,0.028084,-0.00097335,0.023573
12.76,0.0050778,0.012315,0.12481,0.029002,-0.00096974,0.023559
12.77,0.0093761,0.012325,0.12978,0.029354,-0.00096739,0.023548
12.78,0.011763,0.012333,0.13205,0.029195,-0.00096614,0.023545
12.79,0.008699,0.012339,0.1314,0.028591,-0.00096585,0.023548
12.8,0.0094237,0.012343,0.128,0.027607,-0.00096624,0.023555
12.81,0.0023071,0.012345,0.1223,0.026303,-0.00096714,0.023566
12.82,-0.0057506,0.012345,0.11498,0.024725,-0.00096828,0.02358
12.83,-0.0071655,0.012343,0.10678,0.022903,-0.00096946,0.023595
12.84,-0.015469,0.012339,0.098358,0.020853,-0.00097046,0.023609
12.85,-0.0099967,0.012334,0.090191,0.01858,-0.0009711,0.023623
12.86,-0.004293,0.012327,0.082514,0.016085,-0.00097139,0.02363
12.87,0.00070358,0.01232,0.07533,0.013371,-0.00097124,0.023634
12.88,0.0075991,0.012311,0.068463,0.010451,-0.00097067,0.023634
12.89,0.010213,0.012301,0.061641,0.0073525,-0.00096985,0.023627
12.9,0.015681,0.01229,0.054582,0.0041202,-0.00096889,0.023613
12.91,0.0095091,0.012279,0.047066,0.00081801,-0.00096796,0.023598
12.92,0.0071304,0.012268,0.03898,-0.0024744,-0.00096731,0.023577
12.93,0.0023806,0.012257,0.030352,-0.0056663,-0.00096714,0.023555
12.94,0.00024984,0.012246,0.021363,-0.0086616,-0.00096771,0.02353
12.95,-0.0023719,0.012235,0.012344,-0.011365,-0.00096917,0.023505
12.96,-0.0021346,0.012225,0.0037582,-0.013689,-0.00097185,0.023484
12.97,0.0011917,0.012215,-0.0038403,-0.015556,-0.00097589,0.023466
12.98,0.0023671,0.012206,-0.009865,-0.016904,-0.00098153,0.023452
12.99,0.0018915,0.012198,-0.013778,-0.017689,-0.00098892,0.023441
13,0.0047341,0.012191,-0.015177,-0.017882,-0.00099817,0.023441
13.01,0.0087678,0.012185,-0.013862,-0.017474,-0.0010094,0.023441
13.02,0.0063796,0.01218,-0.0098809,-0.016472,-0.0010226,0.023452
13.03,-0.0057395,0.012178,-0.0035273,-0.014904,-0.0010379,0.023463
13.04,-0.0083634,0.012177,0.0047029,-0.012815,-0.0010552,0.02348
13.05,-0.012649,0.012177,0.014189,-0.010271,-0.0010741,0.023502
13.06,-0.010523,0.01218,0.024283,-0.007359,-0.0010948,0.023523
13.07,-0.002694,0.012184,0.03441,-0.0041839,-0.0011173,0.023548
13.08,0.0029889,0.01219,0.044142,-0.00086701,-0.0011405,0.02357
13.09,0.0089091,0.012198,0.053234,0.00246,-0.0011648,0.023588
13.1,0.0077145,0.012208,0.061613,0.0056619,-0.0011895,0.023605
13.11,0.0086492,0.01222,0.069312,0.0086089,-0.0012145,0.023616
13.12,0.0060131,0.012233,0.076379,0.011186,-0.0012395,0.023623
13.13,0.0041004,0.012248,0.082782,0.013304,-0.0012637,0.023623
13.14,0.001949,0.012264,0.088346,0.014903,-0.0012873,0.02362
13.15,0.003115,0.01228,0.092749,0.015961,-0.0013098,0.023613
13.16,0.0023823,0.012298,0.095574,0.016495,-0.0013309,0.023598
13.17,-0.00048707,0.012315,0.096422,0.016556,-0.0013505,0.023584
13.18,0.005903,0.012333,0.095037,0.016226,-0.0013684,0.023566
13.19,0.00042244,0.012351,0.091419,0.015605,-0.0013841,0.023548
13.2,-6.8687e-05,0.012368,0.085894,0.014805,-0.0013977,0.023527
13.21,-0.00033038,0.012384,0.079096,0.013934,-0.0014091,0.023513
13.22,-0.0024926,0.012399,0.071889,0.013086,-0.0014184,0.023498
13.23,-0.0037054,0.012413,0.065215,0.012333,-0.0014248,0.023488
13.24,-0.0077627,0.012425,0.059929,0.01172,-0.0014291,0.023484
13.25,-0.0061225,0.012435,0.056642,0.011259,-0.0014309,0.023484
13.26,-0.010661,0.012443,0.055615,0.010933,-0.0014305,0.023488
13.27,-0.010686,0.012449,0.056724,0.010702,-0.0014273,0.023495
13.28,-0.0083358,0.012453,0.059486,0.010503,-0.0014223,0.023509
13.29,-0.0038525,0.012455,0.063163,0.010267,-0.0014152,0.023523
13.3,0.0039624,0.012456,0.066885,0.0099208,-0.0014066,0.023541
13.31,0.0070248,0.012454,0.069802,0.0093975,-0.0013962,0.023563
13.32,0.013409,0.012451,0.071203,0.0086442,-0.0013848,0.02358
13.33,0.0055406,0.012447,0.070626,0.0076262,-0.0013727,0.023602
13.34,0.0019529,0.012443,0.067906,0.0063311,-0.0013595,0.023616
13.35,0.0021638,0.012438,0.06319,0.00477,-0.0013462,0.02363
13.36,0.0028474,0.012433,0.056897,0.0029777,-0.0013327,0.023638
13.37,0.0011576,0.012428,0.049631,0.0010108,-0.0013195,0.023641
13.38,-0.0022015,0.012424,0.042085,-0.0010552,-0.0013062,0.023641
13.39,0.0044191,0.012421,0.034935,-0.00313,-0.0012941,0.023638
13.4,0.0060594,0.01242,0.028752,-0.0051132,-0.0012823,0.02363
13.41,0.010539,0.012419,0.023958,-0.0069005,-0.0012716,0.02362
13.42,0.0067092,0.012419,0.020802,-0.0083901,-0.001262,0.023605
13.43,0.0040687,0.012421,0.019376,-0.0094889,-0.001253,0.023591
13.44,-0.0019021,0.012424,0.019639,-0.01012,-0.0012455,0.02358
13.45,-0.006683,0.012428,0.021443,-0.010228,-0.0012391,0.02357
13.46,-0.0076653,0.012433,0.024551,-0.0097843,-0.0012337,0.023563
13.47,-0.014822,0.012438,0.028665,-0.0087927,-0.0012295,0.023559
13.48,-0.019841,0.012444,0.033451,-0.0072869,-0.0012259,0.023559
13.49,-0.013698,0.012449,0.03858,-0.0053311,-0.0012234,0.023566
13.5,-0.0047011,0.012454,0.043774,-0.0030159,-0.0012212,0.023577
13.51,0.0095168,0.012458,0.048849,-0.00045156,-0.0012198,0.023595
13.52,0.012805,0.012462,0.053725,0.0022391,-0.0012184,0.023616
13.53,0.013961,0.012464,0.058417,0.0049294,-0.0012173,0.023641
13.54,0.010129,0.012465,0.06299,0.0074969,-0.0012162,0.023666
13.55,0.0062968,0.012466,0.067504,0.0098308,-0.0012152,0.023695
13.56,0.00056397,0.012465,0.071956,0.011838,-0.0012137,0.02372
13.57,-0.0068289,0.012463,0.076249,0.013447,-0.0012127,0.023745
13.58,-0.0082909,0.01246,0.080183,0.01461,-0.0012112,0.023766
13.59,-0.004285,0.012456,0.083478,0.015306,-0.0012095,0.02378
13.6,-0.0014681,0.012452,0.085819,0.015535,-0.0012077,0.023791
13.61,-0.0031613,0.012447,0.086919,0.01532,-0.0012059,0.023795
13.62,0.0044055,0.012441,0.086578,0.014702,-0.0012041,0.023791
13.63,0.0029432,0.012435,0.084736,0.013737,-0.001202,0.02378
13.64,0.0055189,0.012429,0.081497,0.012492,-0.0011998,0.023766
13.65,0.0031146,0.012422,0.07712,0.011043,-0.0011977,0.023745
13.66,0.0042723,0.012416,0.071981,0.0094698,-0.0011955,0.023723
13.67,0.000909,0.012408,0.066516,0.0078531,-0.0011934,0.023695
13.68,-0.0055343,0.012401,0.061163,0.0062698,-0.0011912,0.02367
13.69,-0.011744,0.012393,0.05631,0.0047898,-0.0011887,0.023645
13.7,-0.016765,0.012384,0.052271,0.0034721,-0.0011866,0.023623
13.71,-0.00991,0.012375,0.049264,0.0023622,-0.0011841,0.023609
13.72,-0.0051972,0.012365,0.047398,0.0014894,-0.001182,0.023595
13.73,-0.0021403,0.012355,0.046671,0.00086601,-0.0011795,0.023588
13.74,0.0047167,0.012343,0.046955,0.00048717,-0.001177,0.023584
13.75,0.0080037,0.012331,0.048011,0.00033261,-0.0011741,0.023588
13.76,0.010351,0.012319,0.049515,0.00036939,-0.0011716,0.023595
13.77,0.0034281,0.012306,0.051102,0.00055571,-0.0011687,0.023605
13.78,-0.0034946,0.012293,0.052431,0.0008452,-0.0011655,0.023616
13.79,-0.011598,0.01228,0.053244,0.0011913,-0.0011627,0.023627
13.8,-0.012344,0.012267,0.053413,0.0015513,-0.0011591,0.023638
13.81,-0.006912,0.012255,0.052966,0.0018895,-0.0011555,0.023645
13.82,-0.00077415,0.012244,0.052073,0.0021794,-0.0011516,0.023648
13.83,0.0077438,0.012235,0.051007,0.002405,-0.0011477,0.023648
13.84,0.0089019,0.012226,0.050072,0.0025604,-0.0011434,0.023645
13.85,0.0072102,0.01222,0.049539,0.0026491,-0.0011387,0.023634
13.86,0.0043286,0.012214,0.049587,0.0026817,-0.0011345,0.023616
13.87,-0.0033028,0.012211,0.050269,0.002674,-0.0011302,0.023598
13.88,-0.0040441,0.012209,0.051508,0.002644,-0.0011262,0.023573
13.89,-0.0085911,0.012208,0.053115,0.00261,-0.001123,0.023548
13.9,-0.007906,0.012208,0.054832,0.0025886,-0.0011202,0.023523
13.91,-0.0074666,0.01221,0.056384,0.0025934,-0.0011184,0.023502
13.92,-0.0082071,0.012213,0.057542,0.002635,-0.001118,0.02348
13.93,-0.0063373,0.012216,0.058169,0.0027215,-0.0011184,0.023463
13.94,0.0040827,0.01222,0.058244,0.002859,-0.0011202,0.023448
13.95,0.010703,0.012224,0.057865,0.003053,-0.001123,0.023441
13.96,0.0073434,0.012228,0.057221,0.0033083,-0.0011273,0.023441
13.97,0.0049441,0.012232,0.056548,0.00363,-0.0011327,0.023445
13.98,-0.003165,0.012236,0.056082,0.0040215,-0.0011391,0.023455
