displacement_mm,force_kN
0.000,0.00
-0.003,-0.04
0.006,-0.04
-0.010,-0.02
0.012,0.00
-0.021,-0.03
-0.032,-0.06
-0.043,-0.04
-0.027,-0.01
-0.025,-0.03
-0.038,0.01
-0.031,-0.02
0.001,-0.05
0.031,0.01
-0.007,-0.01
0.004,0.01
-0.021,0.02
-0.011,-0.03
-0.046,-0.05
-0.028,-0.04
-0.034,-0.02
-0.019,-0.03
-0.026,0.01
-0.009,-0.01
0.020,0.00
-0.025,-0.05
-0.040,-0.03
-0.067,-0.02
-0.021,0.03
-0.034,0.00
-0.076,-0.04
-0.018,-0.02
-0.025,-0.03
-0.022,-0.04
-0.036,-0.05
0.052,-0.02
-0.008,-0.03
-0.014,-0.00
-0.009,-0.05
-0.018,-0.01
-0.066,0.01
0.029,0.02
-0.006,-0.03
-0.045,-0.04
-0.104,-0.03
-0.029,-0.01
-0.045,-0.03
-0.045,-0.05
-0.012,-0.01
0.055,-0.02
-0.015,0.00
-0.024,-0.04
-0.020,0.00
-0.056,-0.03
-0.041,0.01
0.003,-0.00
0.007,-0.04
-0.017,-0.07
-0.010,0.01
0.014,-0.03
0.018,-0.06
-0.000,0.03
0.013,-0.02
0.030,-0.05
-0.007,-0.01
-0.059,-0.03
-0.015,-0.01
-0.058,-0.02
-0.005,0.01
-0.029,-0.02
-0.051,-0.00
-0.010,-0.02
-0.007,-0.00
-0.031,-0.04
-0.064,0.01
0.001,0.01
0.041,-0.01
0.003,0.01
-0.000,-0.01
-0.043,-0.02
-0.023,-0.01
0.035,0.02
-0.036,-0.05
-0.013,-0.02
-0.014,-0.04
-0.024,0.03
-0.009,-0.02
-0.025,-0.02
0.014,-0.06
-0.027,-0.06
-0.055,-0.00
-0.026,-0.02
-0.022,-0.03
-0.033,-0.04
-0.038,0.00
-0.011,-0.04
-0.037,0.00
-0.015,0.03
-0.044,-0.06
-0.066,-0.03
-0.018,-0.01
0.035,-0.05
-0.065,0.00
-0.082,0.01
0.020,-0.00
-0.034,-0.03
0.015,-0.04
-0.035,0.01
-0.039,-0.03
-0.029,-0.02
-0.024,-0.02
-0.017,-0.04
-0.047,-0.08
-0.009,-0.03
-0.049,-0.03
0.013,-0.02
-0.005,-0.01
0.003,-0.01
0.008,0.02
-0.037,-0.00
0.026,-0.02
0.023,-0.03
-0.015,-0.02
0.009,-0.02
-0.042,-0.04
-0.083,-0.02
-0.043,-0.03
-0.007,0.01
-0.029,-0.06
-0.019,-0.03
-0.007,-0.02
-0.011,-0.02
-0.053,-0.01
0.004,-0.01
0.015,-0.02
0.023,-0.03
0.014,-0.03
0.019,-0.02
-0.050,-0.02
-0.109,-0.02
-0.050,-0.06
0.059,-0.01
-0.021,0.01
-0.042,-0.01
-0.007,0.01
-0.012,-0.04
-0.054,-0.04
-0.108,-0.04
-0.060,-0.02
-0.001,-0.02
-0.050,-0.00
0.006,-0.03
-0.040,0.00
0.024,-0.03
0.037,-0.02
0.020,-0.01
-0.038,-0.02
-0.051,-0.06
-0.062,-0.23
0.006,-0.23
-0.044,-0.20
-0.025,-0.02
0.009,-0.06
0.026,0.01
-0.055,0.01
-0.009,-0.04
0.083,0.03
-0.073,0.06
0.055,-0.02
-0.013,0.03
-0.049,0.04
-0.005,0.00
-0.014,-0.02
0.025,0.01
-0.037,0.01
0.001,0.03
-0.009,0.06
-0.046,0.04
-0.014,-0.01
0.008,-0.04
-0.006,-0.03
0.063,2.19
0.060,10.15
-0.026,19.12
0.020,24.39
0.047,12.34
-0.093,2.67
-0.033,-0.42
-0.060,-1.69
-0.003,-6.87
-0.032,-15.18
0.079,-17.07
0.088,-6.65
0.111,-0.98
0.115,0.04
0.097,3.10
0.089,11.75
0.011,21.39
0.076,20.63
0.061,9.60
0.095,0.93
0.110,-0.74
0.141,-2.13
0.088,-8.39
0.123,-17.39
0.179,-13.39
0.166,-4.22
0.145,-0.66
0.210,0.47
0.174,5.39
0.198,14.60
0.169,24.59
0.105,16.79
0.123,6.14
0.150,-0.09
0.103,-1.45
0.168,-6.05
0.112,-15.81
0.220,-13.38
0.258,-3.45
0.199,-0.54
0.139,0.07
0.120,0.07
0.263,0.08
0.196,0.06
0.186,0.02
0.199,0.03
0.242,0.07
0.242,-0.01
0.186,-0.00
0.199,0.08
0.226,0.02
0.170,0.06
0.171,0.03
0.243,-0.03
0.200,0.03
0.254,0.08
0.195,0.03
0.209,0.08
0.142,-0.01
0.196,0.04
0.186,0.07
0.286,0.08
0.215,0.02
0.221,-0.01
0.134,0.05
0.237,-0.02
0.145,0.05
0.129,0.02
0.192,0.03
0.194,0.00
0.204,0.04
0.177,0.02
0.171,0.05
0.281,0.03
0.153,-0.01
0.163,0.03
0.214,0.04
0.208,0.04
0.227,-0.02
0.180,-0.03
0.187,-0.03
0.171,-0.03
0.242,0.06
0.192,0.04
0.165,0.01
0.216,0.04
0.224,0.01
0.160,-0.03
0.210,0.00
0.234,0.03
0.213,0.01
0.241,-0.03
0.223,0.01
0.182,-0.05
0.169,0.01
0.246,0.01
0.141,0.01
0.225,-0.02
0.144,-0.03
0.165,0.04
0.192,0.01
0.183,0.02
0.131,-0.04
0.227,-0.04
0.166,0.04
0.228,0.05
0.175,-0.01
0.217,0.01
0.170,0.01
0.149,0.00
0.196,-0.02
0.180,-0.05
0.186,-0.01
0.183,0.05
0.179,-0.04
0.180,-0.08
0.130,0.04
0.204,-0.03
0.250,0.03
0.191,-0.05
0.217,0.00
0.134,-0.00
0.122,-0.01
0.197,-0.03
0.234,-0.06
0.206,-0.05
0.233,0.02
0.172,-0.02
0.241,-0.01
0.251,-0.04
0.182,-0.04
0.214,-0.01
0.229,-0.01
0.180,0.00
0.226,-0.06
0.214,-0.05
0.207,-0.03
0.175,0.06
0.186,-0.02
0.193,-0.01
0.196,-0.06
0.138,-0.01
0.247,-0.02
0.182,-0.03
0.160,-0.00
0.234,-0.03
0.228,0.00
0.238,-0.00
0.118,-0.02
0.225,-0.01
0.170,0.02
0.201,-0.02
0.197,-0.08
0.200,-0.03
0.215,-0.00
0.191,4.45
0.194,14.17
0.156,24.44
0.210,34.10
0.333,42.85
0.436,50.41
0.496,45.90
0.389,33.50
0.488,23.28
0.437,13.80
0.456,5.39
0.448,0.12
0.462,-0.96
0.445,-2.80
0.390,-9.15
0.314,-17.56
0.234,-26.80
0.188,-34.61
0.107,-42.50
0.044,-40.40
0.054,-29.44
0.099,-19.38
0.096,-10.65
0.069,-3.47
0.101,-0.64
0.050,0.28
0.088,4.43
0.152,12.05
0.242,21.46
0.297,31.03
0.467,41.32
0.549,51.14
0.514,42.55
0.523,30.72
0.512,19.80
0.492,8.39
0.465,1.16
0.439,-0.66
0.437,-1.83
0.378,-6.30
0.330,-13.78
0.276,-21.71
0.106,-30.23
0.156,-38.99
0.032,-42.98
0.111,-31.93
0.039,-21.81
0.103,-12.49
0.032,-5.02
-0.003,-0.83
-0.017,0.08
0.037,2.78
0.097,9.83
0.183,17.87
0.241,26.73
0.323,35.82
0.530,45.53
0.621,50.07
0.547,37.19
0.527,26.18
0.491,16.42
0.440,8.02
0.426,1.36
0.442,-0.63
0.454,-1.81
0.440,-6.27
0.282,-13.37
0.218,-21.55
0.149,-30.12
0.047,-38.72
0.013,-42.26
0.052,-31.01
0.059,-20.92
0.032,-12.30
0.032,-4.43
0.014,-0.83
0.017,0.17
0.061,0.27
0.045,0.22
0.048,0.16
0.002,0.11
0.003,0.10
-0.020,0.13
0.008,0.12
0.022,0.11
-0.019,0.15
-0.020,0.10
0.048,0.08
-0.047,0.08
0.012,0.08
-0.008,0.13
-0.036,0.07
-0.043,0.11
-0.039,0.07
0.044,0.06
0.008,0.08
0.065,0.07
-0.022,0.11
-0.027,0.08
0.021,0.08
-0.019,0.12
0.077,0.06
-0.028,0.02
0.047,0.08
0.135,12.33
0.454,34.86
0.683,58.55
1.145,75.44
1.069,47.79
0.903,23.51
0.726,4.43
0.646,-1.70
0.308,-15.33
0.096,-36.28
-0.123,-57.17
-0.319,-61.49
-0.317,-35.40
-0.397,-13.61
-0.153,-0.54
0.092,8.21
0.417,25.94
0.764,47.13
1.002,69.56
1.053,53.65
1.074,28.23
0.890,8.63
0.643,-0.90
0.357,-12.30
0.044,-33.52
-0.175,-55.84
-0.245,-56.55
-0.310,-30.49
-0.305,-9.68
-0.135,-0.08
0.213,10.67
0.521,28.81
0.853,50.34
1.252,72.04
1.142,44.11
1.020,19.92
0.676,2.07
0.677,-2.85
0.242,-19.49
-0.120,-41.96
-0.327,-62.77
-0.312,-46.71
-0.429,-21.61
-0.199,-3.32
-0.097,1.76
-0.151,1.25
-0.071,0.93
-0.100,0.89
-0.185,0.86
-0.061,0.69
-0.041,0.68
-0.071,0.76
-0.098,0.72
-0.091,0.75
-0.059,0.67
-0.031,0.69
-0.036,0.71
-0.144,1.43
0.344,16.02
0.582,34.63
0.989,56.01
1.327,77.37
1.813,89.66
1.759,60.69
1.642,35.59
1.393,15.66
1.112,1.23
0.908,-3.02
0.459,-15.93
0.163,-32.46
-0.138,-51.30
-0.413,-70.77
-0.775,-84.22
-0.748,-60.17
-0.815,-36.47
-0.715,-16.71
-0.360,-2.04
-0.137,2.46
0.191,15.63
0.603,30.85
1.052,47.97
1.450,66.50
1.924,85.05
1.878,62.19
1.793,37.27
1.497,17.62
1.111,2.74
0.882,-1.83
0.603,-12.83
0.127,-27.00
-0.094,-43.42
-0.501,-61.16
-0.778,-78.95
-0.787,-63.12
-0.891,-39.30
-0.809,-19.02
-0.374,-3.42
-0.254,1.58
0.173,13.07
0.504,27.59
1.046,43.35
1.474,61.22
1.846,80.35
1.907,64.03
1.857,38.87
1.608,18.58
1.193,3.65
1.049,-1.61
0.583,-13.81
0.042,-30.07
-0.317,-48.11
-0.678,-68.62
-0.891,-71.24
-0.898,-42.84
-0.783,-19.59
-0.372,-2.27
-0.252,2.90
-0.092,3.15
-0.091,2.76
-0.153,2.63
-0.127,2.55
-0.135,2.36
-0.139,2.39
-0.203,2.33
0.122,11.98
0.660,25.93
1.113,40.58
1.476,58.32
1.934,77.08
2.315,92.53
2.667,86.51
2.575,57.80
2.466,35.05
2.176,16.80
1.701,3.47
1.531,-1.44
1.153,-10.52
0.681,-22.68
0.233,-35.49
-0.147,-49.22
-0.611,-64.87
-0.880,-81.35
-1.298,-93.06
-1.292,-75.99
-1.428,-52.18
-1.394,-31.37
-1.071,-13.88
-0.713,-1.68
-0.490,2.46
-0.045,13.50
0.428,26.23
0.940,38.87
1.362,51.88
1.981,65.86
2.359,81.29
2.662,90.41
2.738,60.74
2.500,37.33
2.307,18.69
1.900,4.90
1.583,-0.99
1.260,-8.64
0.765,-20.35
0.226,-32.07
-0.151,-44.22
-0.587,-57.37
-0.965,-72.21
-1.409,-87.37
-1.410,-77.69
-1.528,-53.37
-1.466,-32.39
-1.135,-15.04
-0.696,-2.55
-0.568,1.91
-0.035,12.09
0.380,23.95
0.779,36.29
1.449,48.69
1.987,62.01
2.398,77.21
2.812,89.79
2.771,60.82
2.688,37.11
2.405,18.73
1.898,4.95
1.614,-0.97
1.226,-8.33
0.778,-19.67
0.390,-31.26
-0.105,-43.03
-0.683,-55.54
-1.002,-69.63
-1.366,-85.12
-1.437,-76.60
-1.631,-52.59
-1.414,-31.70
-1.165,-14.48
-0.729,-2.31
-0.593,2.04
-0.192,7.60
-0.235,6.84
-0.179,6.54
-0.262,6.33
-0.230,6.18
-0.213,6.04
-0.206,6.00
-0.230,5.94
-0.174,5.88
-0.220,5.85
-0.197,5.82
-0.259,5.81
-0.193,5.68
-0.250,5.67
-0.171,5.66
-0.257,5.66
-0.171,5.65
-0.180,5.52
-0.239,5.62
-0.128,5.62
-0.263,5.57
-0.221,5.54
-0.181,5.51
-0.189,5.62
-0.188,5.56
-0.242,5.55
-0.214,5.57
-0.157,5.52
-0.200,5.45
-0.165,5.55
-0.191,5.45
0.105,17.61
0.696,30.18
1.188,42.69
1.732,55.35
2.200,69.14
2.814,85.00
3.302,98.79
3.900,106.24
4.626,111.92
5.280,116.81
6.046,121.32
6.668,125.93
6.937,103.05
6.914,74.41
6.790,50.53
6.442,31.15
5.999,15.24
5.517,3.87
5.225,-1.21
4.841,-8.70
4.355,-18.08
3.759,-26.65
3.172,-34.79
2.545,-42.34
1.874,-49.67
1.183,-58.19
0.444,-66.98
-0.142,-76.50
-0.867,-87.54
-1.391,-98.96
-2.112,-106.79
-2.738,-112.22
-3.563,-115.71
-4.376,-117.72
-5.375,-114.50
-5.502,-90.75
-5.552,-65.67
-5.337,-46.94
-4.882,-31.08
-4.432,-17.79
-3.903,-7.44
-3.413,-0.60
-3.201,3.47
-2.469,12.20
-1.924,20.23
-1.322,28.00
-0.788,35.58
-0.027,42.53
0.612,49.19
1.186,55.49
1.866,61.73
2.661,68.23
3.235,75.00
4.002,82.14
4.495,89.66
5.094,97.42
5.850,105.56
6.503,113.33
7.162,118.56
7.199,86.96
6.986,61.67
6.727,40.01
6.341,23.47
5.915,10.17
5.290,0.81
5.085,-2.17
4.655,-10.33
4.054,-18.34
3.407,-25.52
2.666,-32.42
2.105,-38.44
1.427,-44.18
0.810,-49.58
0.053,-55.28
-0.598,-60.87
-1.240,-66.73
-1.889,-72.70
-2.553,-78.82
-3.232,-84.61
-3.818,-88.95
-4.558,-93.38
-5.298,-97.30
-6.012,-100.52
-5.973,-78.27
-6.024,-57.03
-5.407,-34.62
-4.960,-19.33
-4.358,-9.18
-3.760,-1.68
-3.494,2.24
-2.893,9.70
-2.230,16.98
-1.596,23.90
-0.858,30.72
-0.187,37.73
0.526,44.36
1.341,52.79
2.189,60.11
2.866,67.09
3.594,74.07
4.052,81.12
4.718,88.23
5.387,95.79
6.059,103.35
6.756,110.88
7.266,107.94
7.214,77.83
6.998,53.64
6.745,34.66
6.239,16.52
5.517,4.53
5.053,-0.99
4.828,-5.83
4.271,-13.32
3.737,-20.23
3.065,-26.17
2.407,-31.96
1.762,-36.99
1.145,-41.73
0.448,-47.12
-0.525,-52.38
-1.181,-57.41
-1.818,-62.25
-2.483,-67.48
-3.190,-73.08
-3.806,-78.40
-4.443,-83.36
-5.040,-88.32
-5.653,-93.21
-6.160,-90.14
-6.148,-68.79
-6.127,-51.04
-5.762,-35.99
-5.331,-23.30
-4.767,-13.18
-4.198,-5.03
-3.765,-0.29
-3.428,3.37
-2.777,10.17
-2.326,16.59
-1.708,22.87
-1.037,29.03
-0.746,30.37
-0.733,29.17
-0.766,28.75
-0.758,28.23
-0.711,28.00
-0.687,27.70
-0.696,27.65
-0.631,27.37
-0.683,27.38
-0.749,27.23
-0.655,27.17
-0.747,27.00
-0.709,26.91
-0.759,26.92
-0.692,26.93
-0.662,26.85
-0.669,26.74
-0.672,26.67
-0.676,26.58
-0.705,26.60
-0.721,26.57
-0.601,26.51
-0.723,26.47
-0.693,26.53
-0.710,26.47
-0.656,26.52
-0.723,26.45
-0.671,26.36
-0.662,26.37
-0.125,38.39
0.620,45.64
1.219,52.10
1.892,58.59
2.681,65.05
3.353,71.67
3.987,78.25
4.644,85.41
5.330,92.51
6.149,100.42
6.723,107.86
7.435,115.26
8.085,121.90
8.880,127.70
9.567,133.52
10.303,139.18
10.952,144.78
11.572,141.70
11.563,105.67
11.504,79.18
11.224,56.21
10.733,37.56
10.438,21.79
9.719,9.65
9.259,0.34
8.849,-2.57
8.428,-10.78
7.774,-18.29
7.111,-24.65
6.435,-30.30
5.680,-35.00
4.949,-39.03
4.289,-42.67
3.615,-45.83
2.783,-49.07
2.005,-52.04
1.212,-55.03
0.474,-58.39
-0.154,-61.73
-1.046,-65.37
-1.728,-69.10
-2.390,-73.02
-3.023,-77.03
-3.806,-81.07
-4.614,-85.22
-5.258,-89.36
-5.937,-93.32
-6.737,-97.08
-7.419,-100.22
-8.162,-103.35
-9.011,-105.70
-9.791,-107.55
-10.537,-110.31
-10.544,-90.96
-10.633,-69.84
-10.431,-51.59
-9.903,-35.81
-9.425,-22.72
-8.849,-12.67
-8.233,-4.94
-7.773,0.12
-7.251,3.57
-6.743,10.07
-6.070,15.60
-5.364,20.75
-4.563,25.17
-3.843,29.31
-3.076,33.06
-2.293,36.80
-1.471,40.39
-0.861,44.10
-0.057,48.09
0.632,51.97
1.503,56.15
2.193,60.96
3.051,65.93
3.675,71.38
4.311,76.95
5.035,82.83
5.722,89.36
6.589,95.64
7.141,102.27
7.955,109.17
8.666,116.12
9.341,122.99
10.024,129.74
10.784,136.46
11.602,143.40
11.672,115.33
11.535,86.71
11.387,63.54
10.934,43.31
10.600,26.76
9.912,14.04
9.480,4.24
8.926,-1.03
8.476,-6.57
7.947,-14.08
7.150,-20.79
6.495,-26.35
5.862,-31.16
5.114,-35.28
4.463,-38.85
3.638,-41.97
2.937,-44.91
2.107,-47.42
1.156,-49.93
0.422,-52.45
-0.310,-55.01
-1.118,-57.51
-1.885,-60.13
-2.685,-62.78
-3.405,-65.64
-4.286,-68.80
-5.013,-71.98
-5.686,-75.42
-4.391,-79.10
-3.597,-83.23
-4.306,-87.30
-5.014,-91.54
-5.762,-95.90
-6.665,-100.13
-7.429,-104.22
-8.509,-83.87
-9.917,-63.53
-10.539,-46.15
-9.963,-31.53
-9.476,-19.66
-8.840,-10.37
-8.080,-3.26
-7.806,0.61
-7.354,5.49
-6.497,11.62
-5.912,16.84
-5.224,21.63
-4.440,25.97
-3.582,29.79
-2.692,33.38
-2.047,36.72
-1.293,40.20
-0.370,43.64
0.417,47.37
1.022,51.26
1.913,55.44
2.685,60.14
3.413,64.99
4.150,70.40
4.955,76.21
5.733,82.11
6.421,88.70
6.967,95.19
7.763,102.35
8.442,109.42
9.233,116.94
9.939,124.64
10.737,132.19
11.421,139.71
11.642,116.68
11.485,78.19
11.277,54.42
10.754,35.99
10.255,20.86
9.622,9.88
9.091,1.00
8.702,-2.03
8.290,-9.94
7.457,-17.14
6.757,-23.24
6.113,-28.66
5.381,-33.14
4.554,-37.13
3.919,-40.68
3.068,-43.76
2.200,-46.44
1.389,-49.31
0.603,-51.78
-0.302,-54.37
-1.129,-56.49
-1.817,-58.90
-2.882,-61.87
-3.620,-64.38
-4.460,-67.38
-5.234,-69.94
-5.974,-72.71
-6.718,-75.85
-7.295,-79.21
-7.859,-82.78
-8.723,-86.63
-9.396,-90.68
-10.079,-94.91
-10.642,-99.54
-10.859,-88.27
-10.947,-68.89
-10.838,-52.18
-10.374,-37.68
-9.953,-25.53
-9.412,-15.93
-8.618,-6.88
-8.027,-1.35
-7.848,1.03
-7.347,5.99
-6.737,11.22
-5.975,16.19
-5.341,20.68
-4.608,24.54
-3.830,28.17
-3.106,31.71
-2.575,35.02
-1.719,38.08
-1.151,41.16
-0.872,38.67
-0.980,37.66
-0.923,37.07
-0.999,36.53
-1.015,36.30
-0.989,35.99
-0.952,35.86
-0.929,35.65
-0.894,35.56
-0.942,35.41
-0.772,35.26
-0.857,35.21
-0.779,35.17
-0.956,35.17
-0.954,34.98
-0.884,34.91
-0.882,34.90
-0.920,34.72
-0.931,34.76
-0.792,34.76
-0.780,34.68
-0.961,34.68
-0.854,34.57
-0.876,34.48
-0.902,34.40
-0.899,34.45
-0.854,34.38
-0.890,34.41
-0.798,34.32
-0.817,34.21
-1.011,34.34
-0.794,34.21
-0.883,34.12
0.119,49.34
2.005,58.94
3.680,69.26
5.026,79.63
6.411,90.38
7.870,102.10
9.041,114.72
10.359,128.36
11.553,142.53
12.852,155.37
14.095,168.14
15.274,180.00
15.754,140.92
15.551,89.98
14.854,51.35
14.026,23.25
13.027,4.13
12.387,-5.45
11.309,-19.63
10.117,-30.00
8.672,-37.52
7.303,-43.07
5.859,-46.92
4.309,-49.69
2.872,-51.80
1.426,-54.00
-0.029,-56.38
-1.440,-59.10
-2.876,-62.64
-4.145,-66.90
-5.604,-71.80
-6.923,-77.10
-8.398,-82.94
-9.713,-89.71
-11.036,-97.27
-12.269,-104.47
-13.571,-110.63
-14.970,-116.98
-15.425,-91.95
-15.136,-58.65
-14.378,-30.77
-13.287,-11.49
-12.308,0.36
-11.478,8.06
-10.049,17.09
-8.506,24.21
-7.146,29.89
-5.828,34.40
-4.347,38.31
-2.760,41.85
-1.288,45.19
0.100,49.02
1.588,53.55
3.075,59.14
4.263,65.90
5.629,74.55
6.899,84.16
8.180,94.65
9.503,106.38
10.813,118.73
12.123,132.24
13.214,146.22
14.398,160.08
15.750,173.98
15.807,122.60
15.444,76.43
14.672,40.54
13.861,16.06
12.858,-0.15
12.059,-9.84
10.897,-22.05
9.603,-31.05
8.340,-37.95
6.904,-43.23
5.372,-46.92
3.982,-49.35
2.471,-51.30
1.022,-53.12
-0.596,-55.01
-2.103,-57.37
-3.431,-60.27
-4.907,-63.65
-6.352,-67.60
-7.629,-72.11
-9.238,-76.63
-10.685,-82.10
-12.003,-88.29
-13.179,-95.93
-14.609,-104.17
-15.614,-107.56
-15.682,-71.14
-15.037,-40.56
-13.949,-17.64
-13.043,-3.35
-12.110,3.82
-10.904,13.64
-9.463,21.25
-7.898,27.23
-6.596,32.01
-5.097,35.95
-3.622,39.40
-2.123,42.42
-0.614,45.65
0.915,49.59
2.322,54.45
3.805,60.45
5.017,67.57
6.354,76.25
7.777,85.96
9.086,96.79
10.421,108.55
11.721,121.15
12.944,134.80
14.193,148.54
15.387,162.90
16.017,136.97
15.769,85.30
15.072,47.46
14.099,20.50
13.129,2.72
12.383,-6.31
11.208,-19.26
9.940,-29.03
8.637,-36.42
7.252,-42.27
5.769,-46.64
4.393,-49.47
2.727,-51.68
1.256,-53.31
-0.083,-54.81
-1.778,-56.72
-3.204,-59.06
-4.712,-61.94
-6.095,-65.31
-7.585,-69.32
-9.111,-73.19
-10.575,-77.84
-11.967,-83.74
-13.282,-90.56
-14.604,-98.35
-15.691,-104.72
-15.789,-69.88
-15.179,-39.33
-14.152,-16.97
-13.116,-2.77
-12.246,4.02
-10.897,13.93
-9.576,21.37
-7.999,27.14
-6.625,31.67
-5.052,35.56
-3.535,38.75
-2.031,41.78
-1.037,40.99
-1.024,38.91
-0.979,38.09
-1.030,37.40
-0.949,37.07
-0.892,36.75
-0.985,36.53
-1.055,36.27
-0.918,36.26
-0.998,36.01
-0.929,35.96
-1.020,35.76
-0.971,35.70
-1.031,35.58
-1.018,35.63
-0.972,35.54
-0.992,35.43
-1.010,35.42
-0.946,35.40
-0.937,35.37
-0.964,35.24
-0.999,35.22
-0.985,37.08
0.468,48.67
1.974,53.55
3.480,59.52
4.795,66.69
6.225,75.06
7.575,84.32
9.018,94.22
10.363,105.95
11.676,118.52
12.948,131.83
14.204,145.45
15.423,159.57
16.766,173.31
17.959,186.79
19.271,199.68
20.157,182.22
20.045,116.70
19.311,67.02
18.470,30.60
17.264,7.37
16.509,-3.95
15.282,-19.72
13.869,-31.11
12.479,-39.51
10.781,-45.83
9.227,-50.03
7.450,-52.27
5.784,-53.27
4.162,-53.28
2.360,-53.24
0.625,-53.39
-1.071,-54.35
-2.775,-55.98
-4.825,-59.21
-6.469,-62.57
-8.115,-66.77
-10.030,-71.14
-11.658,-76.32
-13.243,-83.18
-14.859,-91.44
-16.242,-100.16
-17.902,-109.49
-19.448,-116.74
-20.228,-102.11
-20.334,-68.20
-19.438,-33.96
-18.411,-11.62
-17.361,0.97
-16.406,8.51
-15.015,17.43
-13.567,24.18
-12.098,29.39
-10.566,33.48
-8.913,36.69
-7.306,39.41
-5.968,41.46
-4.231,42.92
-2.676,44.68
-1.123,46.69
0.427,49.19
1.973,52.40
3.601,56.43
4.973,61.50
6.365,67.58
7.838,74.55
9.311,82.81
10.639,92.91
11.997,104.06
13.209,116.08
14.627,128.86
15.894,142.25
17.157,156.40
18.499,170.91
19.815,185.79
20.387,154.44
20.275,98.92
19.514,56.22
18.649,25.46
17.544,5.75
16.816,-3.71
15.720,-17.89
14.402,-28.52
13.066,-36.78
11.681,-43.09
10.209,-47.57
8.604,-50.70
7.082,-52.39
5.489,-52.84
3.956,-52.90
2.260,-52.97
0.486,-52.88
-1.097,-53.31
-2.783,-54.28
-4.458,-56.16
-6.393,-58.76
-8.002,-62.17
-9.685,-65.73
-11.374,-69.40
-12.919,-73.84
-14.498,-79.20
-16.020,-85.83
-17.433,-93.32
-18.891,-100.74
-20.276,-109.31
-20.708,-82.67
-20.304,-47.96
-19.444,-20.25
-18.162,-3.50
-17.262,4.60
-15.852,14.99
-14.231,22.59
-12.687,28.39
-10.980,32.63
-9.279,35.95
-7.666,38.64
-6.027,40.64
-4.324,42.06
-2.677,43.73
-1.028,45.79
0.562,48.26
2.231,51.53
3.829,55.69
5.371,60.92
6.837,67.73
8.463,75.26
9.924,84.57
11.465,94.85
12.791,106.20
14.285,118.59
15.642,131.78
17.033,146.22
18.402,161.34
19.851,176.84
20.510,147.99
20.385,89.89
19.572,47.22
18.544,18.25
17.394,0.40
16.502,-9.94
15.217,-22.99
13.895,-33.02
12.382,-40.63
10.818,-46.20
9.252,-49.93
7.515,-52.20
5.863,-53.20
4.200,-53.42
2.492,-53.19
0.716,-52.76
-0.955,-53.05
-2.632,-53.83
-4.262,-55.30
-5.950,-57.27
-7.552,-59.80
-9.227,-63.21
-10.890,-66.62
-12.607,-70.27
-14.121,-74.97
-15.770,-80.92
-17.286,-87.24
-18.756,-94.70
-20.320,-102.00
-21.021,-83.86
-20.716,-48.04
-19.781,-20.15
-18.511,-3.24
-17.580,4.87
-16.020,15.13
-14.434,22.62
-12.861,28.11
-11.164,32.26
-9.395,35.50
-7.743,37.97
-6.047,39.76
-4.286,41.14
-2.590,42.77
-1.145,42.38
-1.131,39.17
-1.082,38.20
-1.055,37.62
-1.162,37.14
-1.119,36.85
-1.131,36.58
-1.117,36.43
-1.082,36.21
-1.099,36.05
-1.089,35.97
-1.149,35.82
-1.161,35.84
-1.157,35.76
-1.134,35.67
-1.154,35.62
-1.103,35.52
-1.073,35.48
-1.079,35.43
-1.118,35.38
-1.117,35.36
-1.145,35.35
-1.128,35.25
-1.082,35.23
-1.113,35.24
-1.151,35.17
-1.115,35.13
-1.121,35.09
-1.058,35.07
-1.098,35.08
-1.129,35.10
-1.109,35.04
-1.107,34.96
-1.127,35.03
-1.171,35.01
-1.103,34.97
-1.091,34.88
-1.049,34.92
-1.107,34.85
-1.111,34.85
-1.102,34.87
-1.089,34.85
-1.095,34.81
-1.078,34.84
-1.126,34.70
-1.121,34.83
-1.120,34.79
-1.137,34.74
-1.105,34.70
-1.109,34.76
-1.109,34.69
-1.117,34.71
-1.110,34.64
-1.084,34.70
-1.085,34.65
-1.108,34.68
-1.109,34.58
-1.084,34.55
-1.135,34.55
-1.064,34.65
-1.100,34.50
-1.089,34.53
-1.063,34.58
-1.112,34.55
-1.097,34.52
-1.150,34.50
-1.142,34.51
-1.103,34.52
-1.122,34.55
-1.101,34.53
-1.116,34.50
-1.072,34.39
-1.115,34.49
-1.103,34.39
-1.127,34.42
-1.083,34.39
-1.102,34.41
-1.113,34.42
-1.123,34.38
-1.109,34.41
-1.081,34.42
-1.124,34.33
-1.115,34.45
-1.089,34.36
-1.071,34.43
-1.099,34.34
-1.096,34.33
-1.076,34.32
-1.102,34.35
-1.073,34.27
-1.098,34.29
-1.097,34.26
-1.066,34.33
-1.097,34.30
-1.115,34.21
-1.115,34.29
-1.093,34.26
-1.071,34.18
-1.069,34.29
-1.073,34.15
-1.129,34.26
-1.091,34.19
-1.132,34.17
-1.084,34.17
-1.107,34.20
-1.057,34.19
-1.109,34.13
-1.079,34.14
-1.100,34.18
-1.083,34.09
-1.080,34.13
-1.073,34.14
-1.134,34.15
-1.083,34.11
-1.102,34.10
-1.069,34.12
-1.091,34.11
-1.105,34.07
-1.093,34.09
-1.093,34.08
-1.085,34.02
-1.088,34.07
-1.105,34.08
-1.076,34.03
-1.071,34.05
-1.105,34.01
-1.109,34.02
-1.125,34.01
-1.093,33.96
-1.117,34.04
-1.105,34.06
-1.071,33.92
-1.145,33.95
-1.103,33.99
-1.082,34.01
-1.097,33.97
-1.063,34.04
-1.074,33.97
-1.105,33.97
-1.062,33.98
-1.080,33.94
-1.093,33.94
-1.118,33.96
-1.120,33.87
-1.119,33.91
-1.067,33.88
-1.085,33.89
-1.058,33.94
-1.131,33.87
-1.128,33.84
-1.091,33.87
-1.115,33.85
-1.072,33.89
-1.129,33.91
-1.104,33.78
-1.040,33.83
-1.041,33.81
-1.131,33.82
-1.116,33.82
-1.040,33.88
-1.139,33.74
-1.101,33.75
-1.084,33.79
-1.101,33.79
-1.074,33.79
-1.107,33.78
-1.109,33.79
-1.067,33.68
-1.091,33.72
-1.080,33.71
-1.054,33.70
-1.063,33.80
-1.090,33.70
-1.085,33.81
-1.128,33.66
-1.085,33.72
-1.094,33.65
-1.111,33.74
-1.112,33.71
-1.134,33.66
-1.050,33.65
-1.128,33.72
-1.116,33.62
-1.069,33.60
-1.049,33.65
-1.098,33.66
-1.096,33.65
-1.066,33.58
-1.107,33.62
-1.118,33.56
-1.098,33.59
-1.110,33.61
-1.105,33.53
-1.096,33.57
-1.096,33.56
-1.069,33.56
-1.111,33.57
-1.122,33.54
-1.097,33.56
-1.113,33.60
-1.081,33.53
-1.084,33.56
-1.076,33.53
-1.117,33.52
-1.075,33.52
-1.115,33.49
-1.111,33.53
-1.165,33.50
-1.088,33.55
-1.081,33.47
-1.112,33.49
-1.100,33.48
-1.097,33.46
-1.072,33.50
-1.070,33.44
-1.118,33.49
-1.087,33.43
-1.101,33.47
-1.133,33.39
-1.079,33.42
-1.112,33.45
-1.085,33.48
-1.156,33.45
-1.082,33.40
-1.123,33.43
-1.076,33.43
-1.114,33.40
-1.117,33.40
-1.110,33.43
-1.084,33.40
-1.092,33.42
-1.178,33.38
-1.115,33.38
-1.083,33.41
-1.131,33.37
-1.112,33.39
-1.089,33.42
-1.135,33.37
-1.100,33.42
-1.106,33.35
-1.104,33.35
-1.119,33.35
-1.133,33.37
-0.999,33.29
-1.137,33.35
-1.092,33.37
-1.115,33.34
-1.072,33.30
-1.057,33.31
-1.093,33.33
-1.125,33.34
-1.117,33.38
-1.105,33.33
-1.096,33.30
-1.140,33.34
-1.107,33.29
-1.085,33.28
-1.115,33.32
-1.084,33.26
-1.064,33.28
-1.064,33.29
-1.102,33.23
-1.108,33.31
-1.150,33.29
-1.062,33.21
-1.088,33.24
-1.082,33.23
-1.070,33.32
-1.049,33.24
-1.119,33.18
-1.118,33.28
-1.061,33.20
-1.073,33.25
-1.114,33.27
-1.087,33.19
-1.076,33.25
-1.058,33.21
-1.117,33.19
-1.102,33.20
-1.085,33.23
-1.083,33.15
-1.118,33.22
-1.075,33.16
-1.141,33.18
-1.104,33.23
-1.102,33.23
-1.110,33.25
-1.084,33.21
-1.074,33.21
-1.108,33.16
-1.092,33.17
-1.123,33.16
-1.082,33.12
-1.087,33.14
-1.688,9.56
-2.592,-1.22
-3.928,-13.26
-5.636,-23.49
-7.117,-33.46
-8.648,-41.96
-10.428,-49.58
-12.131,-57.26
-13.708,-64.59
-15.380,-72.17
-17.116,-79.76
-18.706,-87.16
-20.281,-97.02
-21.729,-108.24
-23.102,-119.74
-24.538,-129.76
-25.286,-124.06
-25.416,-119.41
-25.458,-117.06
-25.446,-115.45
-25.503,-114.19
-25.539,-113.18
-25.538,-112.37
-25.532,-111.66
-25.572,-111.05
-25.549,-110.59
-25.584,-110.16
-25.596,-109.66
-25.583,-109.29
-25.655,-108.93
-25.627,-108.60
-25.652,-106.45
-25.721,-66.76
-24.784,-32.39
-23.659,-8.70
-22.582,3.16
-21.127,16.10
-19.481,25.06
-17.747,30.85
-15.839,34.95
-13.993,38.10
-12.144,40.53
-10.246,42.38
-8.301,43.68
-6.433,44.37
-4.585,44.99
-2.705,46.09
-1.197,44.65
-1.168,41.72
-1.203,40.79
-1.167,40.08
-1.189,39.58
-1.260,39.34
-1.188,39.04
-1.205,38.94
-1.230,38.80
-1.171,38.63
-1.169,38.52
-1.220,38.49
-1.220,38.34
-1.186,38.23
-1.217,38.21
-1.117,38.16
-1.223,38.11
-1.762,14.91
-2.976,0.89
-4.192,-8.34
-5.803,-18.32
-7.423,-27.76
-9.089,-35.59
-10.935,-42.69
-12.714,-49.17
-14.453,-55.72
-16.251,-62.73
-17.959,-69.62
-19.678,-77.61
-21.384,-86.15
-22.929,-96.58
-24.389,-108.14
-25.845,-117.96
-26.044,-109.79
-26.197,-106.71
-26.232,-104.96
-26.271,-103.70
-26.363,-102.72
-26.268,-101.84
-26.318,-101.16
-26.288,-100.59
-26.362,-100.11
-26.405,-99.72
-26.391,-99.26
-26.403,-98.94
-26.377,-98.56
-26.434,-98.33
-26.375,-97.98
-26.460,-97.70
-26.387,-74.20
-26.066,-39.09
-25.003,-11.21
-23.766,3.35
-22.547,15.15
-20.914,25.00
-19.142,31.14
-17.363,35.02
-15.548,37.67
-13.669,39.50
-11.840,40.77
-9.917,42.02
-7.882,42.83
-6.097,43.76
-4.157,44.99
-2.308,46.82
-2.142,42.00
-2.163,40.84
-2.160,40.14
-2.143,39.76
-2.167,39.42
-2.150,39.16
-2.103,38.94
-2.189,38.88
-2.159,38.70
-2.147,38.57
-2.179,38.43
-2.165,38.32
-2.092,38.28
-2.083,38.23
-2.119,38.21
-2.148,38.07
-2.106,38.00
-2.113,37.91
-2.078,37.94
-2.105,37.98
-2.090,37.91
-2.500,17.77
-3.721,2.34
-4.918,-5.78
-6.490,-15.28
-8.110,-24.52
-9.889,-33.00
-11.637,-41.23
-13.377,-49.67
-15.130,-58.32
-16.807,-66.80
-18.455,-75.10
-20.108,-83.23
-21.838,-91.81
-23.428,-101.21
-24.995,-112.73
-26.164,-117.24
-26.315,-111.56
-26.330,-108.57
-26.400,-106.87
-26.439,-105.79
-26.391,-104.91
-26.369,-104.09
-26.426,-65.07
-25.642,-31.99
-24.398,-8.16
-23.295,4.00
-21.884,16.92
-20.124,25.97
-18.356,31.53
-16.556,35.32
-14.643,37.83
-12.880,39.70
-10.942,41.37
-8.903,43.02
-7.031,44.24
-5.136,45.85
-3.170,48.06
-2.466,44.64
-2.501,42.86
-2.455,42.23
-2.421,41.63
-2.446,41.12
-2.443,40.87
-2.421,40.67
-2.438,40.50
-2.471,40.32
-2.453,40.19
-2.441,40.05
-2.452,40.05
-2.377,39.95
-2.418,39.85
-2.404,39.77
-2.481,39.66
-2.429,39.70
-2.469,39.59
-2.433,39.53
-2.490,39.49
-2.390,39.43
-2.398,39.39
-2.420,39.46
-2.403,39.30
-2.443,39.23
-2.397,38.79
-2.409,38.38
-2.412,37.90
-2.426,37.34
-2.452,36.67
-2.461,35.59
-2.431,35.21
-2.430,35.11
-2.425,34.72
-2.396,32.84
-2.384,31.43
-2.381,29.62
-2.368,27.86
-2.430,25.91
-2.364,23.97
-2.458,22.58
-2.487,21.49
-2.414,20.76
-2.458,20.55
-2.439,19.65
-2.433,19.37
-2.492,19.28
-2.419,19.30
-2.456,19.23
-2.457,19.22
-2.468,19.13
-2.497,19.12
-2.522,19.12
-2.470,19.09
-2.491,19.09
-2.455,19.10
-2.460,17.67
-2.479,17.74
-2.471,17.83
-2.524,17.84
-2.517,16.54
-2.531,16.63
-2.597,13.34
-2.527,13.64
-2.584,13.74
-2.571,13.87
-2.787,9.20
-2.784,9.70
-2.752,9.83
-2.774,9.95
-2.834,8.02
-3.022,6.26
-3.032,6.58
-3.079,6.75
-3.103,6.79
-3.070,6.95
-3.091,7.00
-3.256,4.39
-3.440,3.73
-3.449,4.05
-3.404,4.18
-3.437,4.28
-3.417,4.38
-3.419,4.42
-3.463,4.45
-3.406,4.55
-3.539,3.67
-3.534,3.82
-3.546,3.05
-3.633,2.64
-3.614,2.79
-3.596,2.91
-3.685,2.95
-3.829,1.33
-3.847,1.90
-3.820,2.00
-3.891,2.11
-3.870,2.16
-3.857,2.28
-3.821,2.27
-4.114,-0.14
-4.123,0.13
-4.143,0.29
-4.105,0.33
-4.216,0.41
-4.242,0.44
-4.172,0.45
-4.256,0.49
-4.191,0.47
-4.203,0.50
-4.224,0.50
-4.222,0.48
-4.229,0.48
-4.139,0.45
-4.271,0.37
-4.258,0.38
-4.248,0.43
-4.307,0.39
-4.286,0.39
-4.236,0.37
-4.256,0.40
-4.285,0.42
-4.224,0.41
-4.285,0.40
-4.242,0.40
-4.252,0.38
-4.302,0.36
-4.274,0.40
