time,longitude,latitude,pressure_hPa,geopotential height_m,temperature_C,dew point temperature_C,ice point temperature_C,relative humidity_%,humidity wrt ice_%,mixing ratio_g/kg,wind direction_degree,wind speed_m/s
2024-06-15 11:09:45,-115.1847,36.0472, 927.2,  698, 30.7, -0.8, -0.7, 13, 13, 3.89,196, 1.5
2024-06-15 11:10:05,-115.1839,36.0489, 916.6,  799, 30.0, -1.4, -1.2, 13, 13, 3.76,201, 9.7
2024-06-15 11:10:23,-115.1830,36.0505, 906.3,  900, 30.0, -2.5, -2.2, 12, 12, 3.50,204,10.3
2024-06-15 11:10:39,-115.1821,36.0517, 896.0, 1002, 29.9, -4.0, -3.6, 11, 11, 3.17,209,10.5
2024-06-15 11:10:56,-115.1810,36.0530, 886.3, 1099, 29.9, -6.0, -5.3,  9,  9, 2.76,214,10.3
2024-06-15 11:11:12,-115.1799,36.0541, 876.2, 1200, 29.5, -8.0, -7.1,  8,  8, 2.39,217,10.2
2024-06-15 11:11:28,-115.1787,36.0551, 866.0, 1304, 29.3,-10.2, -9.1,  7,  7, 2.03,225, 9.5
2024-06-15 11:11:42,-115.1777,36.0558, 856.6, 1401, 28.7,-11.9,-10.6,  6,  6, 1.80,231, 8.8
2024-06-15 11:11:57,-115.1767,36.0565, 847.0, 1500, 28.4,-14.9,-13.3,  5,  5, 1.42,231, 8.1
2024-06-15 11:12:14,-115.1757,36.0572, 837.3, 1603, 28.0,-19.3,-17.3,  4,  4, 0.99,226, 7.3
2024-06-15 11:12:30,-115.1749,36.0579, 827.8, 1703, 27.4,-22.5,-20.2,  3,  3, 0.76,225, 6.4
2024-06-15 11:12:45,-115.1742,36.0584, 818.8, 1799, 26.7,-23.4,-21.1,  3,  3, 0.71,224, 6.2
2024-06-15 11:13:01,-115.1734,36.0590, 809.4, 1899, 25.8,-23.9,-21.5,  3,  3, 0.68,231, 5.9
2024-06-15 11:13:16,-115.1725,36.0595, 800.0, 2001, 24.9,-24.1,-21.7,  3,  3, 0.68,236, 6.0
2024-06-15 11:13:30,-115.1716,36.0599, 791.0, 2100, 24.1,-24.3,-21.9,  3,  3, 0.67,237, 6.5
2024-06-15 11:13:45,-115.1705,36.0603, 781.9, 2201, 23.4,-24.6,-22.2,  3,  3, 0.66,244, 7.2
2024-06-15 11:13:59,-115.1694,36.0606, 773.2, 2298, 22.6,-23.1,-20.8,  3,  3, 0.77,248, 7.6
2024-06-15 11:14:14,-115.1683,36.0609, 764.0, 2402, 21.7,-20.6,-18.5,  5,  5, 0.97,250, 7.3
2024-06-15 11:14:31,-115.1672,36.0612, 755.5, 2499, 20.8,-17.3,-15.5,  6,  6, 1.30,254, 5.8
2024-06-15 11:14:48,-115.1662,36.0615, 746.8, 2598, 19.8,-15.9,-14.2,  8,  8, 1.49,254, 6.1
2024-06-15 11:15:05,-115.1652,36.0617, 738.0, 2700, 18.8,-16.0,-14.3,  8,  8, 1.49,253, 5.5
2024-06-15 11:15:21,-115.1645,36.0619, 729.5, 2798, 17.9,-15.6,-14.0,  9,  9, 1.55,251, 4.7
2024-06-15 11:15:39,-115.1637,36.0622, 720.6, 2903, 17.1,-15.6,-14.0,  9,  9, 1.57,244, 4.0
2024-06-15 11:15:55,-115.1632,36.0627, 712.3, 3001, 16.3,-16.7,-14.9,  9,  9, 1.45,227, 4.1
2024-06-15 11:16:11,-115.1627,36.0632, 703.9, 3102, 15.4,-17.8,-15.9,  9,  9, 1.34,212, 5.2
2024-06-15 11:16:29,-115.1621,36.0639, 695.6, 3202, 14.8,-19.1,-17.1,  8,  8, 1.22,218, 5.0
2024-06-15 11:16:49,-115.1614,36.0646, 687.6, 3299, 14.1,-20.5,-18.4,  7,  7, 1.09,216, 5.1
2024-06-15 11:17:09,-115.1608,36.0652, 679.4, 3400, 13.4,-22.3,-20.1,  7,  7, 0.94,221, 4.4
2024-06-15 11:17:29,-115.1601,36.0658, 671.1, 3503, 12.7,-23.9,-21.5,  6,  6, 0.83,222, 4.3
2024-06-15 11:17:47,-115.1593,36.0664, 663.3, 3601, 11.9,-24.7,-22.3,  6,  6, 0.78,226, 4.9
2024-06-15 11:18:07,-115.1584,36.0669, 655.6, 3698, 11.3,-27.1,-24.5,  5,  5, 0.63,233, 5.7
2024-06-15 11:18:25,-115.1572,36.0674, 647.6, 3800, 10.6,-26.4,-23.8,  6,  6, 0.68,243, 6.0
2024-06-15 11:18:44,-115.1558,36.0677, 640.1, 3898,  9.8,-23.5,-21.1,  8,  8, 0.90,254, 7.0
2024-06-15 11:19:04,-115.1543,36.0680, 632.2, 3999,  8.9,-23.3,-21.0,  8,  8, 0.93,257, 6.9
2024-06-15 11:19:22,-115.1529,36.0684, 624.8, 4098,  8.0,-23.9,-21.5,  8,  8, 0.89,252, 7.3
2024-06-15 11:19:40,-115.1515,36.0690, 617.0, 4200,  7.1,-25.0,-22.5,  8,  8, 0.81,244, 8.2
2024-06-15 11:20:01,-115.1497,36.0698, 609.4, 4300,  6.1,-25.5,-23.0,  8,  8, 0.79,241, 8.4
2024-06-15 11:20:19,-115.1483,36.0703, 602.1, 4400,  5.2,-25.6,-23.1,  9,  9, 0.79,245, 8.0
2024-06-15 11:20:36,-115.1469,36.0707, 594.8, 4500,  4.2,-26.4,-23.8,  9,  9, 0.74,249, 8.0
2024-06-15 11:20:53,-115.1454,36.0711, 587.6, 4599,  3.4,-27.6,-24.9,  8,  8, 0.68,251, 8.6
2024-06-15 11:21:11,-115.1438,36.0716, 580.2, 4700,  2.5,-28.4,-25.7,  8,  8, 0.63,250, 8.3
2024-06-15 11:21:28,-115.1423,36.0721, 573.2, 4799,  1.5,-29.0,-26.3,  8,  8, 0.61,249, 8.4
2024-06-15 11:21:45,-115.1408,36.0725, 566.0, 4900,  0.6,-29.4,-26.6,  8,  8, 0.60,250, 8.7
2024-06-15 11:22:03,-115.1391,36.0729, 558.9, 5001, -0.4,-29.6,-26.8,  9,  9, 0.59,252, 8.5
2024-06-15 11:22:20,-115.1377,36.0734, 552.0, 5100, -1.4,-29.7,-26.9, 10, 10, 0.59,252, 8.3
2024-06-15 11:22:35,-115.1364,36.0737, 545.2, 5198, -2.3,-29.7,-26.9, 10, 10, 0.60,250, 8.2
2024-06-15 11:22:51,-115.1350,36.0742, 538.4, 5298, -3.2,-29.5,-26.7, 11, 11, 0.62,245, 8.4
2024-06-15 11:23:08,-115.1334,36.0748, 531.3, 5403, -4.1,-30.4,-27.6, 11, 11, 0.57,248, 9.0
2024-06-15 11:23:24,-115.1317,36.0754, 524.4, 5505, -4.9,-31.5,-28.6, 10, 11, 0.52,247,10.2
2024-06-15 11:23:38,-115.1302,36.0760, 518.1, 5599, -5.8,-32.0,-29.1, 11, 11, 0.50,245,11.1
2024-06-15 11:23:54,-115.1283,36.0767, 511.6, 5698, -6.7,-32.4,-29.4, 11, 12, 0.49,244,11.5
2024-06-15 11:24:36,-115.1237,36.0783, 495.2, 5952, -9.2,-32.5,-29.5, 13, 14, 0.50,247,10.9
2024-06-15 11:25:14,-115.1194,36.0798, 479.5, 6200,-11.2,-31.9,-28.9, 16, 18, 0.55,245,11.1
2024-06-15 11:25:54,-115.1142,36.0813, 464.0, 6451,-12.2,-40.2,-36.6,  8,  9, 0.25,253,13.4
2024-06-15 11:26:32,-115.1082,36.0828, 449.0, 6702,-13.4,-44.6,-40.9,  5,  6, 0.16,253,15.8
2024-06-15 11:27:11,-115.1011,36.0851, 434.7, 6948,-14.5,-53.5,-49.3,  2,  2, 0.06,247,18.3
2024-06-15 11:28:10,-115.0898,36.0882, 420.5, 7199,-16.5,-51.3,-47.2,  3,  4, 0.08,252,17.7
2024-06-15 11:29:15,-115.0764,36.0908, 406.6, 7450,-18.2,-48.9,-45.0,  5,  6, 0.11,259,19.8
2024-06-15 11:30:25,-115.0618,36.0930, 393.0, 7701,-20.2,-48.9,-44.9,  6,  7, 0.12,261,19.1
2024-06-15 11:31:15,-115.0501,36.0938, 379.9, 7952,-22.0,-51.9,-47.8,  5,  6, 0.08,266,22.5
2024-06-15 11:32:07,-115.0355,36.0956, 367.3, 8200,-23.4,-50.3,-46.3,  7,  8, 0.10,259,26.4
2024-06-15 11:32:53,-115.0223,36.0987, 354.8, 8452,-25.3,-47.2,-43.3, 11, 14, 0.15,252,27.2
2024-06-15 11:33:28,-115.0121,36.1012, 342.9, 8698,-27.6,-46.4,-42.6, 15, 20, 0.17,253,27.9
2024-06-15 11:34:17,-114.9976,36.1047, 331.0, 8952,-30.1,-45.5,-41.7, 21, 28, 0.20,253,28.0
2024-06-15 11:35:02,-114.9843,36.1084, 319.5, 9200,-32.6,-45.8,-42.0, 26, 35, 0.20,251,28.4
2024-06-15 11:35:37,-114.9738,36.1112, 308.2, 9452,-35.0,-46.4,-42.5, 31, 43, 0.19,252,28.6
2024-06-15 11:36:10,-114.9638,36.1140, 297.5, 9698,-37.4,-47.0,-43.1, 36, 52, 0.19,251,29.5
2024-06-15 11:36:48,-114.9524,36.1172, 286.8, 9951,-39.7,-48.0,-44.1, 41, 60, 0.17,250,28.2
2024-06-15 11:37:41,-114.9354,36.1212, 276.4,10201,-40.5,-54.8,-50.6, 20, 30, 0.08,254,30.8
2024-06-15 11:38:38,-114.9162,36.1255, 266.5,10449,-42.2,-59.9,-55.5, 13, 20, 0.05,255,32.0
2024-06-15 11:39:40,-114.8943,36.1304, 256.8,10699,-43.9,-62.6,-58.2, 11, 17, 0.03,254,33.8
2024-06-15 11:40:45,-114.8689,36.1350, 247.4,10950,-45.4,-64.6,-60.1, 10, 16, 0.03,259,36.9
2024-06-15 11:41:52,-114.8415,36.1392, 238.3,11198,-46.6,-66.7,-62.1,  9, 14, 0.02,259,38.6
2024-06-15 11:42:54,-114.8150,36.1436, 229.4,11450,-47.7,-69.2,-64.6,  7, 11, 0.02,259,39.9
2024-06-15 11:43:52,-114.7892,36.1477, 220.9,11699,-48.9,-71.5,-66.8,  6,  9, 0.01,258,41.5
2024-06-15 11:44:49,-114.7632,36.1510, 212.6,11948,-49.9,-73.4,-68.7,  5,  8, 0.01,262,41.7
2024-06-15 11:45:45,-114.7377,36.1544, 204.5,12201,-51.0,-75.0,-70.3,  4,  7, 0.01,260,41.6
2024-06-15 11:46:44,-114.7106,36.1582, 196.8,12452,-52.2,-76.5,-71.8,  4,  7, 0.01,260,41.4
2024-06-15 11:47:46,-114.6829,36.1629, 189.3,12700,-53.0,-78.0,-73.3,  3,  6, 0.01,258,41.5
2024-06-15 11:48:50,-114.6548,36.1670, 182.1,12951,-53.6,-80.0,-75.3,  3,  5, 0.00,260,39.0
2024-06-15 11:49:50,-114.6291,36.1711, 175.2,13198,-54.9,-83.0,-78.2,  2,  3, 0.00,258,39.2
2024-06-15 11:50:49,-114.6041,36.1751, 168.4,13452,-55.9,-85.6,-80.8,  1,  3, 0.00,258,39.0
2024-06-15 11:51:44,-114.5811,36.1781, 161.9,13700,-57.4,-86.7,-82.0,  1,  3, 0.00,262,37.8
2024-06-15 11:52:37,-114.5612,36.1799, 155.7,13948,-57.8,-87.3,-82.5,  1,  2, 0.00,265,32.7
2024-06-15 11:53:29,-114.5450,36.1817, 149.6,14199,-58.2,-87.5,-82.7,  1,  3, 0.00,259,26.5
2024-06-15 11:54:22,-114.5306,36.1854, 143.8,14448,-59.4,-88.3,-83.5,  1,  3, 0.00,250,26.0
2024-06-15 11:55:18,-114.5142,36.1904, 138.1,14700,-59.6,-88.7,-83.9,  1,  2, 0.00,250,28.8
2024-06-15 11:56:15,-114.4958,36.1944, 132.7,14949,-60.3,-88.9,-84.1,  1,  3, 0.00,256,30.5
2024-06-15 11:57:12,-114.4768,36.1998, 127.5,15198,-62.2,-90.2,-85.4,  1,  3, 0.00,247,32.6
2024-06-15 11:58:12,-114.4562,36.2047, 122.4,15451,-62.9,-91.0,-86.3,  1,  3, 0.00,257,32.0
2024-06-15 11:59:05,-114.4407,36.2071, 117.5,15702,-63.3,-91.3,-86.6,  1,  3, 0.00,257,24.2
2024-06-15 11:59:59,-114.4296,36.2111, 112.8,15950,-64.1,-91.7,-86.9,  1,  3, 0.00,240,19.8
2024-06-15 12:00:51,-114.4189,36.2170, 108.2,16201,-65.5,-92.6,-87.9,  1,  3, 0.00,234,23.7
2024-06-15 12:01:45,-114.4065,36.2219, 103.9,16451,-66.8,-93.6,-88.9,  1,  3, 0.00,247,22.7
